SMILES,IL_SMILES,T/K,r,Normalized SMILES,index,index1,lnr
C=Cc1ccccc1,CCCC[n+]1ccn(C)c1.O=S(=O)([O-])C(F)(F)F,303.15,2.456,CCCC[n+]1ccn(C)c1.O=S(=O)([O-])C(F)(F)F,1,1,0.898534010284896
C=Cc1ccccc1,CCCC[n+]1ccn(C)c1.O=S(=O)([O-])C(F)(F)F,313.15,2.475,CCCC[n+]1ccn(C)c1.O=S(=O)([O-])C(F)(F)F,1,2,0.9062403960206536
C=Cc1ccccc1,CCCC[n+]1ccn(C)c1.O=S(=O)([O-])C(F)(F)F,323.15,2.49,CCCC[n+]1ccn(C)c1.O=S(=O)([O-])C(F)(F)F,1,3,0.9122827104766164
C=Cc1ccccc1,CCCC[n+]1ccn(C)c1.O=S(=O)([O-])C(F)(F)F,333.15,2.511,CCCC[n+]1ccn(C)c1.O=S(=O)([O-])C(F)(F)F,1,4,0.920681080175448
C=Cc1ccccc1,CCCC[n+]1ccn(C)c1.O=S(=O)([O-])C(F)(F)F,343.15,2.531,CCCC[n+]1ccn(C)c1.O=S(=O)([O-])C(F)(F)F,1,5,0.9286144815629871
C=Cc1ccccc1,CCCC[n+]1ccn(C)c1.O=S(=O)([O-])C(F)(F)F,353.15,2.543,CCCC[n+]1ccn(C)c1.O=S(=O)([O-])C(F)(F)F,1,6,0.9333444864399827
C=Cc1ccccc1,CCCC[n+]1ccn(C)c1.O=S(=O)([O-])C(F)(F)F,363.15,2.57,CCCC[n+]1ccn(C)c1.O=S(=O)([O-])C(F)(F)F,1,7,0.9439058989071284
C=Cc1ccccc1,CCCCCC[n+]1ccn(C)c1.O=C([O-])C(F)(F)F,303.15,2.28,CCCCCC[n+]1ccn(C)c1.O=C([O-])C(F)(F)F,2,8,0.8241754429663494
C=Cc1ccccc1,CCCCCC[n+]1ccn(C)c1.O=C([O-])C(F)(F)F,313.15,2.39,CCCCCC[n+]1ccn(C)c1.O=C([O-])C(F)(F)F,2,9,0.8712933659434193
C=Cc1ccccc1,CCCCCC[n+]1ccn(C)c1.O=C([O-])C(F)(F)F,323.15,2.46,CCCCCC[n+]1ccn(C)c1.O=C([O-])C(F)(F)F,2,10,0.9001613499442714
C=Cc1ccccc1,CCCCCC[n+]1ccn(C)c1.O=C([O-])C(F)(F)F,333.15,2.53,CCCCCC[n+]1ccn(C)c1.O=C([O-])C(F)(F)F,2,11,0.9282193027394288
C=Cc1ccccc1,CCCCCC[n+]1ccn(C)c1.O=C([O-])C(F)(F)F,343.15,2.61,CCCCCC[n+]1ccn(C)c1.O=C([O-])C(F)(F)F,2,12,0.959350221334602
C=Cc1ccccc1,CCCCCC[n+]1ccn(C)c1.O=C([O-])C(F)(F)F,353.15,2.68,CCCCCC[n+]1ccn(C)c1.O=C([O-])C(F)(F)F,2,13,0.9858167945227654
C=Cc1ccccc1,CCCCCC[n+]1ccn(C)c1.O=C([O-])C(F)(F)F,363.15,2.73,CCCCCC[n+]1ccn(C)c1.O=C([O-])C(F)(F)F,2,14,1.0043016091968684
C=Cc1ccccc1,CCCC[n+]1ccc(C#N)cc1.O=S(=O)([N-]S(=O)(=O)C(F)(F)F)C(F)(F)F,308.15,1.28,CCCC[n+]1ccc(C#N)cc1.O=S(=O)([N-]S(=O)(=O)C(F)(F)F)C(F)(F)F,3,15,0.2468600779315258
C=Cc1ccccc1,CCCC[n+]1ccc(C#N)cc1.O=S(=O)([N-]S(=O)(=O)C(F)(F)F)C(F)(F)F,318.15,1.36,CCCC[n+]1ccc(C#N)cc1.O=S(=O)([N-]S(=O)(=O)C(F)(F)F)C(F)(F)F,3,16,0.3074846997479607
C=Cc1ccccc1,CCCC[n+]1ccc(C#N)cc1.O=S(=O)([N-]S(=O)(=O)C(F)(F)F)C(F)(F)F,328.15,1.44,CCCC[n+]1ccc(C#N)cc1.O=S(=O)([N-]S(=O)(=O)C(F)(F)F)C(F)(F)F,3,17,0.36464311358790924
C=Cc1ccccc1,CCCC[n+]1ccc(C#N)cc1.O=S(=O)([N-]S(=O)(=O)C(F)(F)F)C(F)(F)F,338.15,1.52,CCCC[n+]1ccc(C#N)cc1.O=S(=O)([N-]S(=O)(=O)C(F)(F)F)C(F)(F)F,3,18,0.41871033485818504
C=Cc1ccccc1,CCCC[n+]1ccc(C#N)cc1.O=S(=O)([N-]S(=O)(=O)C(F)(F)F)C(F)(F)F,348.15,1.6,CCCC[n+]1ccc(C#N)cc1.O=S(=O)([N-]S(=O)(=O)C(F)(F)F)C(F)(F)F,3,19,0.47000362924573563
C=Cc1ccccc1,CCCC[n+]1ccc(C#N)cc1.O=S(=O)([N-]S(=O)(=O)C(F)(F)F)C(F)(F)F,358.15,1.67,CCCC[n+]1ccc(C#N)cc1.O=S(=O)([N-]S(=O)(=O)C(F)(F)F)C(F)(F)F,3,20,0.5128236264286637
C=Cc1ccccc1,CCCC[n+]1ccc(C#N)cc1.O=S(=O)([N-]S(=O)(=O)C(F)(F)F)C(F)(F)F,368.15,1.75,CCCC[n+]1ccc(C#N)cc1.O=S(=O)([N-]S(=O)(=O)C(F)(F)F)C(F)(F)F,3,21,0.5596157879354227
C=Cc1ccccc1,CCCC[N+]1(C)CCCC1.O=S(=O)(F)[N-]S(=O)(=O)F,318.15,1.28,CCCC[N+]1(C)CCCC1.O=S(=O)(F)[N-]S(=O)(=O)F,4,22,0.2468600779315258
C=Cc1ccccc1,CCCC[N+]1(C)CCCC1.O=S(=O)(F)[N-]S(=O)(=O)F,328.15,1.37,CCCC[N+]1(C)CCCC1.O=S(=O)(F)[N-]S(=O)(=O)F,4,23,0.3148107398400336
C=Cc1ccccc1,CCCC[N+]1(C)CCCC1.O=S(=O)(F)[N-]S(=O)(=O)F,338.15,1.46,CCCC[N+]1(C)CCCC1.O=S(=O)(F)[N-]S(=O)(=O)F,4,24,0.37843643572024505
C=Cc1ccccc1,CCCC[N+]1(C)CCCC1.O=S(=O)(F)[N-]S(=O)(=O)F,348.15,1.55,CCCC[N+]1(C)CCCC1.O=S(=O)(F)[N-]S(=O)(=O)F,4,25,0.4382549309311553
C=Cc1ccccc1,CCCC[N+]1(C)CCCC1.O=S(=O)(F)[N-]S(=O)(=O)F,358.15,1.64,CCCC[N+]1(C)CCCC1.O=S(=O)(F)[N-]S(=O)(=O)F,4,26,0.494696241836107
C=Cc1ccccc1,CCCC[N+]1(C)CCCC1.O=S(=O)(F)[N-]S(=O)(=O)F,368.15,1.74,CCCC[N+]1(C)CCCC1.O=S(=O)(F)[N-]S(=O)(=O)F,4,27,0.5538851132264376
C=Cc1ccccc1,CCCCCCCC[N+](CC)(CC)CC.O=S(=O)(F)[N-]S(=O)(=O)F,318.15,0.647,CCCCCCCC[N+](CC)(CC)CC.O=S(=O)(F)[N-]S(=O)(=O)F,5,28,-0.43540898448123644
C=Cc1ccccc1,CCCCCCCC[N+](CC)(CC)CC.O=S(=O)(F)[N-]S(=O)(=O)F,328.15,0.701,CCCCCCCC[N+](CC)(CC)CC.O=S(=O)(F)[N-]S(=O)(=O)F,5,29,-0.355247391947547
C=Cc1ccccc1,CCCCCCCC[N+](CC)(CC)CC.O=S(=O)(F)[N-]S(=O)(=O)F,338.15,0.755,CCCCCCCC[N+](CC)(CC)CC.O=S(=O)(F)[N-]S(=O)(=O)F,5,30,-0.28103752973311236
C=Cc1ccccc1,CCCCCCCC[N+](CC)(CC)CC.O=S(=O)(F)[N-]S(=O)(=O)F,348.15,0.81,CCCCCCCC[N+](CC)(CC)CC.O=S(=O)(F)[N-]S(=O)(=O)F,5,31,-0.21072103131565253
C=Cc1ccccc1,CCCCCCCC[N+](CC)(CC)CC.O=S(=O)(F)[N-]S(=O)(=O)F,358.15,0.867,CCCCCCCC[N+](CC)(CC)CC.O=S(=O)(F)[N-]S(=O)(=O)F,5,32,-0.1427163022015952
C=Cc1ccccc1,CCCCCCCC[N+](CC)(CC)CC.O=S(=O)(F)[N-]S(=O)(=O)F,368.15,0.922,CCCCCCCC[N+](CC)(CC)CC.O=S(=O)(F)[N-]S(=O)(=O)F,5,33,-0.08121005542554317
C=Cc1ccccc1,CC[n+]1ccn(C)c1.CS(=O)(=O)[O-],308.15,5.68,CC[n+]1ccn(C)c1.CS(=O)(=O)[O-],6,34,1.7369512327330598
C=Cc1ccccc1,CC[n+]1ccn(C)c1.CS(=O)(=O)[O-],318.15,5.71,CC[n+]1ccn(C)c1.CS(=O)(=O)[O-],6,35,1.742219023667919
C=Cc1ccccc1,CC[n+]1ccn(C)c1.CS(=O)(=O)[O-],328.15,5.75,CC[n+]1ccn(C)c1.CS(=O)(=O)[O-],6,36,1.749199854809259
C=Cc1ccccc1,CC[n+]1ccn(C)c1.CS(=O)(=O)[O-],338.15,5.79,CC[n+]1ccn(C)c1.CS(=O)(=O)[O-],6,37,1.7561322915849038
C=Cc1ccccc1,CC[n+]1ccn(C)c1.CS(=O)(=O)[O-],348.15,5.82,CC[n+]1ccn(C)c1.CS(=O)(=O)[O-],6,38,1.7613002617433464
C=Cc1ccccc1,CC[n+]1ccn(C)c1.CS(=O)(=O)[O-],358.15,5.85,CC[n+]1ccn(C)c1.CS(=O)(=O)[O-],6,39,1.766441661243765
C=Cc1ccccc1,CCCC[N+]1(C)CCCC1.N#C[C-](C#N)C#N,318.15,1.12,CCCC[N+]1(C)CCCC1.N#C[C-](C#N)C#N,7,40,0.11332868530700327
C=Cc1ccccc1,CCCC[N+]1(C)CCCC1.N#C[C-](C#N)C#N,328.15,1.16,CCCC[N+]1(C)CCCC1.N#C[C-](C#N)C#N,7,41,0.14842000511827322
C=Cc1ccccc1,CCCC[N+]1(C)CCCC1.N#C[C-](C#N)C#N,338.15,1.2,CCCC[N+]1(C)CCCC1.N#C[C-](C#N)C#N,7,42,0.1823215567939546
C=Cc1ccccc1,CCCC[N+]1(C)CCCC1.N#C[C-](C#N)C#N,348.15,1.24,CCCC[N+]1(C)CCCC1.N#C[C-](C#N)C#N,7,43,0.2151113796169455
C=Cc1ccccc1,CCCC[N+]1(C)CCCC1.N#C[C-](C#N)C#N,358.15,1.27,CCCC[N+]1(C)CCCC1.N#C[C-](C#N)C#N,7,44,0.23901690047049992
C=Cc1ccccc1,CCCC[N+]1(C)CCCC1.N#C[C-](C#N)C#N,368.15,1.31,CCCC[N+]1(C)CCCC1.N#C[C-](C#N)C#N,7,45,0.2700271372130602
C=Cc1ccccc1,CCCCCCCCCCCC[n+]1ccn(C)c1.O=S(=O)([N-]S(=O)(=O)C(F)(F)F)C(F)(F)F,318.15,0.632,CCCCCCCCCCCC[n+]1ccn(C)c1.O=S(=O)([N-]S(=O)(=O)C(F)(F)F)C(F)(F)F,8,46,-0.4588658848352796
C=Cc1ccccc1,CCCCCCCCCCCC[n+]1ccn(C)c1.O=S(=O)([N-]S(=O)(=O)C(F)(F)F)C(F)(F)F,328.15,0.666,CCCCCCCCCCCC[n+]1ccn(C)c1.O=S(=O)([N-]S(=O)(=O)C(F)(F)F)C(F)(F)F,8,47,-0.40646560844174784
C=Cc1ccccc1,CCCCCCCCCCCC[n+]1ccn(C)c1.O=S(=O)([N-]S(=O)(=O)C(F)(F)F)C(F)(F)F,338.15,0.702,CCCCCCCCCCCC[n+]1ccn(C)c1.O=S(=O)([N-]S(=O)(=O)C(F)(F)F)C(F)(F)F,8,48,-0.353821874956326
C=Cc1ccccc1,CCCCCCCCCCCC[n+]1ccn(C)c1.O=S(=O)([N-]S(=O)(=O)C(F)(F)F)C(F)(F)F,348.15,0.736,CCCCCCCCCCCC[n+]1ccn(C)c1.O=S(=O)([N-]S(=O)(=O)C(F)(F)F)C(F)(F)F,8,49,-0.3065251602532608
C=Cc1ccccc1,CCCCCCCCCCCC[n+]1ccn(C)c1.O=S(=O)([N-]S(=O)(=O)C(F)(F)F)C(F)(F)F,358.15,0.771,CCCCCCCCCCCC[n+]1ccn(C)c1.O=S(=O)([N-]S(=O)(=O)C(F)(F)F)C(F)(F)F,8,50,-0.26006690541880756
C=Cc1ccccc1,CCCCCCCCCCCC[n+]1ccn(C)c1.O=S(=O)([N-]S(=O)(=O)C(F)(F)F)C(F)(F)F,368.15,0.804,CCCCCCCCCCCC[n+]1ccn(C)c1.O=S(=O)([N-]S(=O)(=O)C(F)(F)F)C(F)(F)F,8,51,-0.21815600980317063
C=Cc1ccccc1,CCCC[N+]1(C)CCCC1.FC(F)(F)C(F)(F)[P-](F)(F)(F)(C(F)(F)C(F)(F)F)C(F)(F)C(F)(F)F,318.15,0.751,CCCC[N+]1(C)CCCC1.FC(F)(F)C(F)(F)[P-](F)(F)(F)(C(F)(F)C(F)(F)F)C(F)(F)C(F)(F)F,9,52,-0.28634962721800233
C=Cc1ccccc1,CCCC[N+]1(C)CCCC1.FC(F)(F)C(F)(F)[P-](F)(F)(F)(C(F)(F)C(F)(F)F)C(F)(F)C(F)(F)F,328.15,0.769,CCCC[N+]1(C)CCCC1.FC(F)(F)C(F)(F)[P-](F)(F)(F)(C(F)(F)C(F)(F)F)C(F)(F)C(F)(F)F,9,53,-0.26266430947649305
C=Cc1ccccc1,CCCC[N+]1(C)CCCC1.FC(F)(F)C(F)(F)[P-](F)(F)(F)(C(F)(F)C(F)(F)F)C(F)(F)C(F)(F)F,338.15,0.798,CCCC[N+]1(C)CCCC1.FC(F)(F)C(F)(F)[P-](F)(F)(F)(C(F)(F)C(F)(F)F)C(F)(F)C(F)(F)F,9,54,-0.22564668153232822
C=Cc1ccccc1,CCCC[N+]1(C)CCCC1.FC(F)(F)C(F)(F)[P-](F)(F)(F)(C(F)(F)C(F)(F)F)C(F)(F)C(F)(F)F,348.15,0.819,CCCC[N+]1(C)CCCC1.FC(F)(F)C(F)(F)[P-](F)(F)(F)(C(F)(F)C(F)(F)F)C(F)(F)C(F)(F)F,9,55,-0.1996711951290677
C=Cc1ccccc1,CCCC[N+]1(C)CCCC1.FC(F)(F)C(F)(F)[P-](F)(F)(F)(C(F)(F)C(F)(F)F)C(F)(F)C(F)(F)F,358.15,0.845,CCCC[N+]1(C)CCCC1.FC(F)(F)C(F)(F)[P-](F)(F)(F)(C(F)(F)C(F)(F)F)C(F)(F)C(F)(F)F,9,56,-0.16841865162496325
C=Cc1ccccc1,CCCC[N+]1(C)CCCC1.FC(F)(F)C(F)(F)[P-](F)(F)(F)(C(F)(F)C(F)(F)F)C(F)(F)C(F)(F)F,368.15,0.869,CCCC[N+]1(C)CCCC1.FC(F)(F)C(F)(F)[P-](F)(F)(F)(C(F)(F)C(F)(F)F)C(F)(F)C(F)(F)F,9,57,-0.140412153716745
C=Cc1ccccc1,C[N+](C)(C)CCO.O=S(=O)([N-]S(=O)(=O)C(F)(F)F)C(F)(F)F,318.15,4.18,C[N+](C)(C)CCO.O=S(=O)([N-]S(=O)(=O)C(F)(F)F)C(F)(F)F,10,58,1.430311246536665
C=Cc1ccccc1,C[N+](C)(C)CCO.O=S(=O)([N-]S(=O)(=O)C(F)(F)F)C(F)(F)F,328.15,4.24,C[N+](C)(C)CCO.O=S(=O)([N-]S(=O)(=O)C(F)(F)F)C(F)(F)F,10,59,1.4445632692438664
C=Cc1ccccc1,C[N+](C)(C)CCO.O=S(=O)([N-]S(=O)(=O)C(F)(F)F)C(F)(F)F,338.15,4.27,C[N+](C)(C)CCO.O=S(=O)([N-]S(=O)(=O)C(F)(F)F)C(F)(F)F,10,60,1.451613827240533
C=Cc1ccccc1,C[N+](C)(C)CCO.O=S(=O)([N-]S(=O)(=O)C(F)(F)F)C(F)(F)F,348.15,4.33,C[N+](C)(C)CCO.O=S(=O)([N-]S(=O)(=O)C(F)(F)F)C(F)(F)F,10,61,1.4655675420143985
C=Cc1ccccc1,C[N+](C)(C)CCO.O=S(=O)([N-]S(=O)(=O)C(F)(F)F)C(F)(F)F,358.15,4.37,C[N+](C)(C)CCO.O=S(=O)([N-]S(=O)(=O)C(F)(F)F)C(F)(F)F,10,62,1.4747630091074988
C=Cc1ccccc1,C[N+](C)(C)CCO.O=S(=O)([N-]S(=O)(=O)C(F)(F)F)C(F)(F)F,368.15,4.43,C[N+](C)(C)CCO.O=S(=O)([N-]S(=O)(=O)C(F)(F)F)C(F)(F)F,10,63,1.4883995840570443
C=Cc1ccccc1,N#C[N-]C#N.OCCC[n+]1ccccc1,318.15,6.93,N#C[N-]C#N.OCCC[n+]1ccccc1,11,64,1.9358598132018119
C=Cc1ccccc1,N#C[N-]C#N.OCCC[n+]1ccccc1,328.15,7.23,N#C[N-]C#N.OCCC[n+]1ccccc1,11,65,1.9782390361706734
C=Cc1ccccc1,N#C[N-]C#N.OCCC[n+]1ccccc1,338.15,7.51,N#C[N-]C#N.OCCC[n+]1ccccc1,11,66,2.0162354657760435
C=Cc1ccccc1,N#C[N-]C#N.OCCC[n+]1ccccc1,348.15,7.79,N#C[N-]C#N.OCCC[n+]1ccccc1,11,67,2.052840859882657
C=Cc1ccccc1,N#C[N-]C#N.OCCC[n+]1ccccc1,358.15,8.06,N#C[N-]C#N.OCCC[n+]1ccccc1,11,68,2.086913556518537
C=Cc1ccccc1,N#C[N-]C#N.OCCC[n+]1ccccc1,368.15,8.32,N#C[N-]C#N.OCCC[n+]1ccccc1,11,69,2.1186622548331173
C=Cc1ccccc1,CCCCCCCC[P+](CCCCCCCC)(CCCCCCCC)CCCCCCCC.O=S(=O)([N-]S(=O)(=O)C(F)(F)F)C(F)(F)F,318.15,0.468,CCCCCCCC[P+](CCCCCCCC)(CCCCCCCC)CCCCCCCC.O=S(=O)([N-]S(=O)(=O)C(F)(F)F)C(F)(F)F,12,70,-0.7592869830644903
C=Cc1ccccc1,CCCCCCCC[P+](CCCCCCCC)(CCCCCCCC)CCCCCCCC.O=S(=O)([N-]S(=O)(=O)C(F)(F)F)C(F)(F)F,328.15,0.489,CCCCCCCC[P+](CCCCCCCC)(CCCCCCCC)CCCCCCCC.O=S(=O)([N-]S(=O)(=O)C(F)(F)F)C(F)(F)F,12,71,-0.715392789507265
C=Cc1ccccc1,CCCCCCCC[P+](CCCCCCCC)(CCCCCCCC)CCCCCCCC.O=S(=O)([N-]S(=O)(=O)C(F)(F)F)C(F)(F)F,338.15,0.51,CCCCCCCC[P+](CCCCCCCC)(CCCCCCCC)CCCCCCCC.O=S(=O)([N-]S(=O)(=O)C(F)(F)F)C(F)(F)F,12,72,-0.6733445532637656
C=Cc1ccccc1,CCCCCCCC[P+](CCCCCCCC)(CCCCCCCC)CCCCCCCC.O=S(=O)([N-]S(=O)(=O)C(F)(F)F)C(F)(F)F,348.15,0.53,CCCCCCCC[P+](CCCCCCCC)(CCCCCCCC)CCCCCCCC.O=S(=O)([N-]S(=O)(=O)C(F)(F)F)C(F)(F)F,12,73,-0.6348782724359695
C=Cc1ccccc1,CCCCCCCC[P+](CCCCCCCC)(CCCCCCCC)CCCCCCCC.O=S(=O)([N-]S(=O)(=O)C(F)(F)F)C(F)(F)F,358.15,0.55,CCCCCCCC[P+](CCCCCCCC)(CCCCCCCC)CCCCCCCC.O=S(=O)([N-]S(=O)(=O)C(F)(F)F)C(F)(F)F,12,74,-0.5978370007556204
C=Cc1ccccc1,CCCCCCCC[P+](CCCCCCCC)(CCCCCCCC)CCCCCCCC.O=S(=O)([N-]S(=O)(=O)C(F)(F)F)C(F)(F)F,368.15,0.57,CCCCCCCC[P+](CCCCCCCC)(CCCCCCCC)CCCCCCCC.O=S(=O)([N-]S(=O)(=O)C(F)(F)F)C(F)(F)F,12,75,-0.5621189181535413
C=Cc1ccccc1,CC[N+]1(C)CCOCC1.N#C[N-]C#N,318.15,6.38,CC[N+]1(C)CCOCC1.N#C[N-]C#N,13,76,1.8531680973566984
C=Cc1ccccc1,CC[N+]1(C)CCOCC1.N#C[N-]C#N,328.15,6.59,CC[N+]1(C)CCOCC1.N#C[N-]C#N,13,77,1.8855533485144158
C=Cc1ccccc1,CC[N+]1(C)CCOCC1.N#C[N-]C#N,338.15,6.81,CC[N+]1(C)CCOCC1.N#C[N-]C#N,13,78,1.918392120161421
C=Cc1ccccc1,CC[N+]1(C)CCOCC1.N#C[N-]C#N,348.15,7.01,CC[N+]1(C)CCOCC1.N#C[N-]C#N,13,79,1.9473377010464987
C=Cc1ccccc1,CC[N+]1(C)CCOCC1.N#C[N-]C#N,358.15,7.22,CC[N+]1(C)CCOCC1.N#C[N-]C#N,13,80,1.9768549529047348
C=Cc1ccccc1,CC[N+]1(C)CCOCC1.N#C[N-]C#N,368.15,7.43,CC[N+]1(C)CCOCC1.N#C[N-]C#N,13,81,2.005525858729668
C=Cc1ccccc1,CCCC[P+](CCCC)(CCCC)CCCC.O=S(=O)([N-]S(=O)(=O)C(F)(F)F)C(F)(F)F,358.15,1.01,CCCC[P+](CCCC)(CCCC)CCCC.O=S(=O)([N-]S(=O)(=O)C(F)(F)F)C(F)(F)F,14,82,0.009950330853168092
C=Cc1ccccc1,CCCC[P+](CCCC)(CCCC)CCCC.O=S(=O)([N-]S(=O)(=O)C(F)(F)F)C(F)(F)F,368.15,1.05,CCCC[P+](CCCC)(CCCC)CCCC.O=S(=O)([N-]S(=O)(=O)C(F)(F)F)C(F)(F)F,14,83,0.04879016416943204
C=Cc1ccccc1,CCCC[P+](CCCC)(CCCC)CCCC.O=S(=O)([N-]S(=O)(=O)C(F)(F)F)C(F)(F)F,378.15,1.1,CCCC[P+](CCCC)(CCCC)CCCC.O=S(=O)([N-]S(=O)(=O)C(F)(F)F)C(F)(F)F,14,84,0.09531017980432493
C=Cc1ccccc1,CCCC[P+](CCCC)(CCCC)CCCC.O=S(=O)([N-]S(=O)(=O)C(F)(F)F)C(F)(F)F,388.15,1.14,CCCC[P+](CCCC)(CCCC)CCCC.O=S(=O)([N-]S(=O)(=O)C(F)(F)F)C(F)(F)F,14,85,0.131028262406404
C=Cc1ccccc1,CCCC[P+](CCCC)(CCCC)CCCC.O=S(=O)([N-]S(=O)(=O)C(F)(F)F)C(F)(F)F,398.15,1.18,CCCC[P+](CCCC)(CCCC)CCCC.O=S(=O)([N-]S(=O)(=O)C(F)(F)F)C(F)(F)F,14,86,0.16551443847757333
C=Cc1ccccc1,CCCC[P+](CCCC)(CCCC)CCCC.O=S(=O)([N-]S(=O)(=O)C(F)(F)F)C(F)(F)F,408.15,1.23,CCCC[P+](CCCC)(CCCC)CCCC.O=S(=O)([N-]S(=O)(=O)C(F)(F)F)C(F)(F)F,14,87,0.20701416938432612
C=Cc1ccccc1,CCCCCCCCCCCC[N+](C)(C)CCOc1ccccc1.O=S(=O)([N-]S(=O)(=O)C(F)(F)F)C(F)(F)F,318.15,0.632,CCCCCCCCCCCC[N+](C)(C)CCOc1ccccc1.O=S(=O)([N-]S(=O)(=O)C(F)(F)F)C(F)(F)F,15,88,-0.4588658848352796
C=Cc1ccccc1,CCCCCCCCCCCC[N+](C)(C)CCOc1ccccc1.O=S(=O)([N-]S(=O)(=O)C(F)(F)F)C(F)(F)F,328.15,0.672,CCCCCCCCCCCC[N+](C)(C)CCOc1ccccc1.O=S(=O)([N-]S(=O)(=O)C(F)(F)F)C(F)(F)F,15,89,-0.3974969384589874
C=Cc1ccccc1,CCCCCCCCCCCC[N+](C)(C)CCOc1ccccc1.O=S(=O)([N-]S(=O)(=O)C(F)(F)F)C(F)(F)F,338.15,0.711,CCCCCCCCCCCC[N+](C)(C)CCOc1ccccc1.O=S(=O)([N-]S(=O)(=O)C(F)(F)F)C(F)(F)F,15,90,-0.3410828491788962
C=Cc1ccccc1,CCCCCCCCCCCC[N+](C)(C)CCOc1ccccc1.O=S(=O)([N-]S(=O)(=O)C(F)(F)F)C(F)(F)F,348.15,0.75,CCCCCCCCCCCC[N+](C)(C)CCOc1ccccc1.O=S(=O)([N-]S(=O)(=O)C(F)(F)F)C(F)(F)F,15,91,-0.2876820724517809
C=Cc1ccccc1,CCCCCCCCCCCC[N+](C)(C)CCOc1ccccc1.O=S(=O)([N-]S(=O)(=O)C(F)(F)F)C(F)(F)F,358.15,0.788,CCCCCCCCCCCC[N+](C)(C)CCOc1ccccc1.O=S(=O)([N-]S(=O)(=O)C(F)(F)F)C(F)(F)F,15,92,-0.2382571891242579
C=Cc1ccccc1,CCCCCCCCCCCC[N+](C)(C)CCOc1ccccc1.O=S(=O)([N-]S(=O)(=O)C(F)(F)F)C(F)(F)F,368.15,0.83,CCCCCCCCCCCC[N+](C)(C)CCOc1ccccc1.O=S(=O)([N-]S(=O)(=O)C(F)(F)F)C(F)(F)F,15,93,-0.18632957819149348
C=Cc1ccccc1,CCCCCCCCCCCC[N+](C)(C)CCOc1ccccc1.N#C[N-]C#N,328.15,0.905,CCCCCCCCCCCC[N+](C)(C)CCOc1ccccc1.N#C[N-]C#N,16,94,-0.0998203352822109
C=Cc1ccccc1,CCCCCCCCCCCC[N+](C)(C)CCOc1ccccc1.N#C[N-]C#N,338.15,0.94,CCCCCCCCCCCC[N+](C)(C)CCOc1ccccc1.N#C[N-]C#N,16,95,-0.06187540371808753
C=Cc1ccccc1,CCCCCCCCCCCC[N+](C)(C)CCOc1ccccc1.N#C[N-]C#N,348.15,0.981,CCCCCCCCCCCC[N+](C)(C)CCOc1ccccc1.N#C[N-]C#N,16,96,-0.019182819416773987
C=Cc1ccccc1,CCCCCCCCCCCC[N+](C)(C)CCOc1ccccc1.N#C[N-]C#N,358.15,1.02,CCCCCCCCCCCC[N+](C)(C)CCOc1ccccc1.N#C[N-]C#N,16,97,0.01980262729617973
C=Cc1ccccc1,CCCCCCCCCCCC[N+](C)(C)CCOc1ccccc1.N#C[N-]C#N,368.15,1.06,CCCCCCCCCCCC[N+](C)(C)CCOc1ccccc1.N#C[N-]C#N,16,98,0.058268908123975824
C=Cc1ccccc1,CCCCCCCCCCCC[N+](C)(C)CCOc1ccccc1.N#C[N-]C#N,378.15,1.1,CCCCCCCCCCCC[N+](C)(C)CCOc1ccccc1.N#C[N-]C#N,16,99,0.09531017980432493
C=Cc1ccccc1,N#CCCC[n+]1ccccc1.N#C[N-]C#N,318.15,8.89,N#CCCC[n+]1ccccc1.N#C[N-]C#N,17,100,2.1849270495258133
C=Cc1ccccc1,N#CCCC[n+]1ccccc1.N#C[N-]C#N,328.15,9.04,N#CCCC[n+]1ccccc1.N#C[N-]C#N,17,101,2.201659174404085
C=Cc1ccccc1,N#CCCC[n+]1ccccc1.N#C[N-]C#N,338.15,9.17,N#CCCC[n+]1ccccc1.N#C[N-]C#N,17,102,2.2159372862683733
C=Cc1ccccc1,N#CCCC[n+]1ccccc1.N#C[N-]C#N,348.15,9.31,N#CCCC[n+]1ccccc1.N#C[N-]C#N,17,103,2.231089091288976
C=Cc1ccccc1,N#CCCC[n+]1ccccc1.N#C[N-]C#N,358.15,9.44,N#CCCC[n+]1ccccc1.N#C[N-]C#N,17,104,2.244955980157409
C=Cc1ccccc1,N#CCCC[n+]1ccccc1.N#C[N-]C#N,368.15,9.58,N#CCCC[n+]1ccccc1.N#C[N-]C#N,17,105,2.259677591982769
C=Cc1ccccc1,C[N+]1(CCCC#N)CCCC1.N#C[N-]C#N,318.15,5.19,C[N+]1(CCCC#N)CCCC1.N#C[N-]C#N,18,106,1.6467336971777973
C=Cc1ccccc1,C[N+]1(CCCC#N)CCCC1.N#C[N-]C#N,328.15,5.41,C[N+]1(CCCC#N)CCCC1.N#C[N-]C#N,18,107,1.6882490928583902
C=Cc1ccccc1,C[N+]1(CCCC#N)CCCC1.N#C[N-]C#N,338.15,5.61,C[N+]1(CCCC#N)CCCC1.N#C[N-]C#N,18,108,1.724550719534605
C=Cc1ccccc1,C[N+]1(CCCC#N)CCCC1.N#C[N-]C#N,348.15,5.81,C[N+]1(CCCC#N)CCCC1.N#C[N-]C#N,18,109,1.7595805708638197
C=Cc1ccccc1,C[N+]1(CCCC#N)CCCC1.N#C[N-]C#N,358.15,6.01,C[N+]1(CCCC#N)CCCC1.N#C[N-]C#N,18,110,1.7934247485471162
C=Cc1ccccc1,C[N+]1(CCCC#N)CCCC1.N#C[N-]C#N,368.15,6.22,C[N+]1(CCCC#N)CCCC1.N#C[N-]C#N,18,111,1.827769906751088
C=Cc1ccccc1,CCCCOP(=O)([O-])OCCCC.CCCC[n+]1ccn(C)c1,313.15,1.19,CCCCOP(=O)([O-])OCCCC.CCCC[n+]1ccn(C)c1,19,112,0.17395330712343798
C=Cc1ccccc1,CCCCOP(=O)([O-])OCCCC.CCCC[n+]1ccn(C)c1,323.15,1.15,CCCCOP(=O)([O-])OCCCC.CCCC[n+]1ccn(C)c1,19,113,0.13976194237515863
C=Cc1ccccc1,CCCCOP(=O)([O-])OCCCC.CCCC[n+]1ccn(C)c1,333.15,1.09,CCCCOP(=O)([O-])OCCCC.CCCC[n+]1ccn(C)c1,19,114,0.08617769624105241
C=Cc1ccccc1,CCCCOP(=O)([O-])OCCCC.CCCC[n+]1ccn(C)c1,343.15,1.07,CCCCOP(=O)([O-])OCCCC.CCCC[n+]1ccn(C)c1,19,115,0.06765864847381486
C=Cc1ccccc1,CCCCOP(=O)([O-])OCCCC.CCCC[n+]1ccn(C)c1,353.15,1.03,CCCCOP(=O)([O-])OCCCC.CCCC[n+]1ccn(C)c1,19,116,0.02955880224154443
C=Cc1ccccc1,CCCCOP(=O)([O-])OCCCC.CCCC[n+]1ccn(C)c1,363.15,0.98,CCCCOP(=O)([O-])OCCCC.CCCC[n+]1ccn(C)c1,19,117,-0.020202707317519466
C=Cc1ccccc1,CCCC[n+]1ccn(C)c1.COS(=O)(=O)[O-],313.15,9.7,CCCC[n+]1ccn(C)c1.COS(=O)(=O)[O-],20,118,2.272125885509337
C=Cc1ccccc1,CCCC[n+]1ccn(C)c1.COS(=O)(=O)[O-],323.15,9.24,CCCC[n+]1ccn(C)c1.COS(=O)(=O)[O-],20,119,2.2235418856535927
C=Cc1ccccc1,CCCC[n+]1ccn(C)c1.COS(=O)(=O)[O-],333.15,8.77,CCCC[n+]1ccn(C)c1.COS(=O)(=O)[O-],20,120,2.1713368063840917
C=Cc1ccccc1,CCCC[n+]1ccn(C)c1.COS(=O)(=O)[O-],343.15,8.31,CCCC[n+]1ccn(C)c1.COS(=O)(=O)[O-],20,121,2.1174596088673567
C=Cc1ccccc1,CCCC[n+]1ccn(C)c1.COS(=O)(=O)[O-],353.15,7.82,CCCC[n+]1ccn(C)c1.COS(=O)(=O)[O-],20,122,2.05668455455722
C=Cc1ccccc1,CCCC[n+]1ccn(C)c1.COS(=O)(=O)[O-],363.15,7.36,CCCC[n+]1ccn(C)c1.COS(=O)(=O)[O-],20,123,1.9960599327407849
C=Cc1ccccc1,CC[n+]1ccn(C)c1.COP(=O)([O-])OC,313.15,5.45,CC[n+]1ccn(C)c1.COP(=O)([O-])OC,21,124,1.6956156086751528
C=Cc1ccccc1,CC[n+]1ccn(C)c1.COP(=O)([O-])OC,323.15,5.29,CC[n+]1ccn(C)c1.COP(=O)([O-])OC,21,125,1.665818245870208
C=Cc1ccccc1,CC[n+]1ccn(C)c1.COP(=O)([O-])OC,333.15,5.16,CC[n+]1ccn(C)c1.COP(=O)([O-])OC,21,126,1.6409365794934714
C=Cc1ccccc1,CC[n+]1ccn(C)c1.COP(=O)([O-])OC,343.15,5.01,CC[n+]1ccn(C)c1.COP(=O)([O-])OC,21,127,1.6114359150967734
C=Cc1ccccc1,CC[n+]1ccn(C)c1.COP(=O)([O-])OC,353.15,4.86,CC[n+]1ccn(C)c1.COP(=O)([O-])OC,21,128,1.5810384379124025
C=Cc1ccccc1,CC[n+]1ccn(C)c1.COP(=O)([O-])OC,363.15,4.71,CC[n+]1ccn(C)c1.COP(=O)([O-])OC,21,129,1.5496879080283263
C=Cc1ccccc1,COC(=O)CCC[n+]1ccn(C)c1.N#C[N-]C#N,318.15,3.55,COC(=O)CCC[n+]1ccn(C)c1.N#C[N-]C#N,22,130,1.2669476034873244
C=Cc1ccccc1,COC(=O)CCC[n+]1ccn(C)c1.N#C[N-]C#N,328.15,3.7,COC(=O)CCC[n+]1ccn(C)c1.N#C[N-]C#N,22,131,1.308332819650179
C=Cc1ccccc1,COC(=O)CCC[n+]1ccn(C)c1.N#C[N-]C#N,338.15,3.84,COC(=O)CCC[n+]1ccn(C)c1.N#C[N-]C#N,22,132,1.3454723665996355
C=Cc1ccccc1,COC(=O)CCC[n+]1ccn(C)c1.N#C[N-]C#N,348.15,3.97,COC(=O)CCC[n+]1ccn(C)c1.N#C[N-]C#N,22,133,1.3787660946990992
C=Cc1ccccc1,COC(=O)CCC[n+]1ccn(C)c1.N#C[N-]C#N,358.15,4.12,COC(=O)CCC[n+]1ccn(C)c1.N#C[N-]C#N,22,134,1.415853163361435
C=Cc1ccccc1,COC(=O)CCC[n+]1ccn(C)c1.N#C[N-]C#N,368.15,4.25,COC(=O)CCC[n+]1ccn(C)c1.N#C[N-]C#N,22,135,1.4469189829363254
C=Cc1ccccc1,CC[n+]1ccn(C)c1.N#C[C-](C#N)C#N,318.15,2.02,CC[n+]1ccn(C)c1.N#C[C-](C#N)C#N,23,136,0.7030975114131134
C=Cc1ccccc1,CC[n+]1ccn(C)c1.N#C[C-](C#N)C#N,328.15,2.11,CC[n+]1ccn(C)c1.N#C[C-](C#N)C#N,23,137,0.7466879474879751
C=Cc1ccccc1,CC[n+]1ccn(C)c1.N#C[C-](C#N)C#N,338.15,2.21,CC[n+]1ccn(C)c1.N#C[C-](C#N)C#N,23,138,0.7929925155296614
C=Cc1ccccc1,CC[n+]1ccn(C)c1.N#C[C-](C#N)C#N,348.15,2.32,CC[n+]1ccn(C)c1.N#C[C-](C#N)C#N,23,139,0.8415671856782185
C=Cc1ccccc1,CC[n+]1ccn(C)c1.N#C[C-](C#N)C#N,358.15,2.42,CC[n+]1ccn(C)c1.N#C[C-](C#N)C#N,23,140,0.883767540168595
C=Cc1ccccc1,CC[n+]1ccn(C)c1.N#C[C-](C#N)C#N,368.15,2.51,CC[n+]1ccn(C)c1.N#C[C-](C#N)C#N,23,141,0.9202827531436925
C=Cc1ccccc1,C[N+]1(CCCO)CCOCC1.N#C[N-]C#N,318.15,9.96,C[N+]1(CCCO)CCOCC1.N#C[N-]C#N,24,142,2.298577071596507
C=Cc1ccccc1,C[N+]1(CCCO)CCOCC1.N#C[N-]C#N,328.15,10.3,C[N+]1(CCCO)CCOCC1.N#C[N-]C#N,24,143,2.33214389523559
C=Cc1ccccc1,C[N+]1(CCCO)CCOCC1.N#C[N-]C#N,338.15,10.5,C[N+]1(CCCO)CCOCC1.N#C[N-]C#N,24,144,2.3513752571634776
C=Cc1ccccc1,C[N+]1(CCCO)CCOCC1.N#C[N-]C#N,348.15,10.8,C[N+]1(CCCO)CCOCC1.N#C[N-]C#N,24,145,2.379546134130174
C=Cc1ccccc1,C[N+]1(CCCO)CCOCC1.N#C[N-]C#N,358.15,11.0,C[N+]1(CCCO)CCOCC1.N#C[N-]C#N,24,146,2.3978952727983707
C=Cc1ccccc1,C[N+]1(CCCO)CCOCC1.N#C[N-]C#N,368.15,11.3,C[N+]1(CCCO)CCOCC1.N#C[N-]C#N,24,147,2.424802725718295
C=Cc1ccccc1,Cn1cc[n+](CCCO)c1.N#C[N-]C#N,318.15,5.97,Cn1cc[n+](CCCO)c1.N#C[N-]C#N,25,148,1.7867469274045107
C=Cc1ccccc1,Cn1cc[n+](CCCO)c1.N#C[N-]C#N,328.15,6.25,Cn1cc[n+](CCCO)c1.N#C[N-]C#N,25,149,1.8325814637483102
C=Cc1ccccc1,Cn1cc[n+](CCCO)c1.N#C[N-]C#N,338.15,6.57,Cn1cc[n+](CCCO)c1.N#C[N-]C#N,25,150,1.8825138324965192
C=Cc1ccccc1,Cn1cc[n+](CCCO)c1.N#C[N-]C#N,348.15,6.82,Cn1cc[n+](CCCO)c1.N#C[N-]C#N,25,151,1.9198594718553708
C=Cc1ccccc1,Cn1cc[n+](CCCO)c1.N#C[N-]C#N,358.15,7.14,Cn1cc[n+](CCCO)c1.N#C[N-]C#N,25,152,1.965712776351493
C=Cc1ccccc1,Cn1cc[n+](CCCO)c1.N#C[N-]C#N,368.15,7.39,Cn1cc[n+](CCCO)c1.N#C[N-]C#N,25,153,2.0001277349601105
C=Cc1ccccc1,CCCCCCCCCC[n+]1ccn(C)c1.F[B-](F)(F)F,313.15,1.25,CCCCCCCCCC[n+]1ccn(C)c1.F[B-](F)(F)F,26,154,0.22314355131420976
C=Cc1ccccc1,CCCCCCCCCC[n+]1ccn(C)c1.F[B-](F)(F)F,323.15,1.22,CCCCCCCCCC[n+]1ccn(C)c1.F[B-](F)(F)F,26,155,0.19885085874516517
C=Cc1ccccc1,CCCCCCCCCC[n+]1ccn(C)c1.F[B-](F)(F)F,333.15,1.2,CCCCCCCCCC[n+]1ccn(C)c1.F[B-](F)(F)F,26,156,0.1823215567939546
C=Cc1ccccc1,CCCCCCCCCC[n+]1ccn(C)c1.F[B-](F)(F)F,343.15,1.18,CCCCCCCCCC[n+]1ccn(C)c1.F[B-](F)(F)F,26,157,0.16551443847757333
C=Cc1ccccc1,CCCCCCCCCC[n+]1ccn(C)c1.F[B-](F)(F)F,353.15,1.16,CCCCCCCCCC[n+]1ccn(C)c1.F[B-](F)(F)F,26,158,0.14842000511827322
C=Cc1ccccc1,CCCCCCCCCC[n+]1ccn(C)c1.F[B-](F)(F)F,363.15,1.14,CCCCCCCCCC[n+]1ccn(C)c1.F[B-](F)(F)F,26,159,0.131028262406404
C=Cc1ccccc1,COCC[N+]1(C)CCCC1.O=S(=O)([N-]S(=O)(=O)C(F)(F)F)C(F)(F)F,318.15,1.29,COCC[N+]1(C)CCCC1.O=S(=O)([N-]S(=O)(=O)C(F)(F)F)C(F)(F)F,27,160,0.25464221837358075
C=Cc1ccccc1,COCC[N+]1(C)CCCC1.O=S(=O)([N-]S(=O)(=O)C(F)(F)F)C(F)(F)F,328.15,1.32,COCC[N+]1(C)CCCC1.O=S(=O)([N-]S(=O)(=O)C(F)(F)F)C(F)(F)F,27,161,0.27763173659827955
C=Cc1ccccc1,COCC[N+]1(C)CCCC1.O=S(=O)([N-]S(=O)(=O)C(F)(F)F)C(F)(F)F,338.15,1.33,COCC[N+]1(C)CCCC1.O=S(=O)([N-]S(=O)(=O)C(F)(F)F)C(F)(F)F,27,162,0.28517894223366247
C=Cc1ccccc1,COCC[N+]1(C)CCCC1.O=S(=O)([N-]S(=O)(=O)C(F)(F)F)C(F)(F)F,348.15,1.36,COCC[N+]1(C)CCCC1.O=S(=O)([N-]S(=O)(=O)C(F)(F)F)C(F)(F)F,27,163,0.3074846997479607
C=Cc1ccccc1,COCC[N+]1(C)CCCC1.O=S(=O)([N-]S(=O)(=O)C(F)(F)F)C(F)(F)F,358.15,1.37,COCC[N+]1(C)CCCC1.O=S(=O)([N-]S(=O)(=O)C(F)(F)F)C(F)(F)F,27,164,0.3148107398400336
C=Cc1ccccc1,COCC[N+]1(C)CCCC1.O=S(=O)([N-]S(=O)(=O)C(F)(F)F)C(F)(F)F,368.15,1.39,COCC[N+]1(C)CCCC1.O=S(=O)([N-]S(=O)(=O)C(F)(F)F)C(F)(F)F,27,165,0.3293037471426003
C=Cc1ccccc1,COCC[N+]1(C)CCCCC1.O=S(=O)([N-]S(=O)(=O)C(F)(F)F)C(F)(F)F,318.15,1.08,COCC[N+]1(C)CCCCC1.O=S(=O)([N-]S(=O)(=O)C(F)(F)F)C(F)(F)F,28,166,0.0769610411361284
C=Cc1ccccc1,COCC[N+]1(C)CCCCC1.O=S(=O)([N-]S(=O)(=O)C(F)(F)F)C(F)(F)F,328.15,1.1,COCC[N+]1(C)CCCCC1.O=S(=O)([N-]S(=O)(=O)C(F)(F)F)C(F)(F)F,28,167,0.09531017980432493
C=Cc1ccccc1,COCC[N+]1(C)CCCCC1.O=S(=O)([N-]S(=O)(=O)C(F)(F)F)C(F)(F)F,338.15,1.13,COCC[N+]1(C)CCCCC1.O=S(=O)([N-]S(=O)(=O)C(F)(F)F)C(F)(F)F,28,168,0.12221763272424911
C=Cc1ccccc1,COCC[N+]1(C)CCCCC1.O=S(=O)([N-]S(=O)(=O)C(F)(F)F)C(F)(F)F,348.15,1.14,COCC[N+]1(C)CCCCC1.O=S(=O)([N-]S(=O)(=O)C(F)(F)F)C(F)(F)F,28,169,0.131028262406404
C=Cc1ccccc1,COCC[N+]1(C)CCCCC1.O=S(=O)([N-]S(=O)(=O)C(F)(F)F)C(F)(F)F,358.15,1.16,COCC[N+]1(C)CCCCC1.O=S(=O)([N-]S(=O)(=O)C(F)(F)F)C(F)(F)F,28,170,0.14842000511827322
C=Cc1ccccc1,COCC[N+]1(C)CCCCC1.O=S(=O)([N-]S(=O)(=O)C(F)(F)F)C(F)(F)F,368.15,1.19,COCC[N+]1(C)CCCCC1.O=S(=O)([N-]S(=O)(=O)C(F)(F)F)C(F)(F)F,28,171,0.17395330712343798
C=Cc1ccccc1,COCC[N+]1(C)CCCCC1.FC(F)(F)C(F)(F)[P-](F)(F)(F)(C(F)(F)C(F)(F)F)C(F)(F)C(F)(F)F,318.15,0.66,COCC[N+]1(C)CCCCC1.FC(F)(F)C(F)(F)[P-](F)(F)(F)(C(F)(F)C(F)(F)F)C(F)(F)C(F)(F)F,29,172,-0.4155154439616658
C=Cc1ccccc1,COCC[N+]1(C)CCCCC1.FC(F)(F)C(F)(F)[P-](F)(F)(F)(C(F)(F)C(F)(F)F)C(F)(F)C(F)(F)F,328.15,0.706,COCC[N+]1(C)CCCCC1.FC(F)(F)C(F)(F)[P-](F)(F)(F)(C(F)(F)C(F)(F)F)C(F)(F)C(F)(F)F,29,173,-0.34814004148889505
C=Cc1ccccc1,COCC[N+]1(C)CCCCC1.FC(F)(F)C(F)(F)[P-](F)(F)(F)(C(F)(F)C(F)(F)F)C(F)(F)C(F)(F)F,338.15,0.752,COCC[N+]1(C)CCCCC1.FC(F)(F)C(F)(F)[P-](F)(F)(F)(C(F)(F)C(F)(F)F)C(F)(F)C(F)(F)F,29,174,-0.28501895503229724
C=Cc1ccccc1,COCC[N+]1(C)CCCCC1.FC(F)(F)C(F)(F)[P-](F)(F)(F)(C(F)(F)C(F)(F)F)C(F)(F)C(F)(F)F,348.15,0.805,COCC[N+]1(C)CCCCC1.FC(F)(F)C(F)(F)[P-](F)(F)(F)(C(F)(F)C(F)(F)F)C(F)(F)C(F)(F)F,29,175,-0.21691300156357363
C=Cc1ccccc1,COCC[N+]1(C)CCCCC1.FC(F)(F)C(F)(F)[P-](F)(F)(F)(C(F)(F)C(F)(F)F)C(F)(F)C(F)(F)F,358.15,0.849,COCC[N+]1(C)CCCCC1.FC(F)(F)C(F)(F)[P-](F)(F)(F)(C(F)(F)C(F)(F)F)C(F)(F)C(F)(F)F,29,176,-0.16369609267078977
C=Cc1ccccc1,COCC[N+]1(C)CCCCC1.FC(F)(F)C(F)(F)[P-](F)(F)(F)(C(F)(F)C(F)(F)F)C(F)(F)C(F)(F)F,368.15,0.901,COCC[N+]1(C)CCCCC1.FC(F)(F)C(F)(F)[P-](F)(F)(F)(C(F)(F)C(F)(F)F)C(F)(F)C(F)(F)F,29,177,-0.10425002137379911
C=Cc1ccccc1,C[n+]1ccn(CCO)c1.FC(F)(F)C(F)(F)[P-](F)(F)(F)(C(F)(F)C(F)(F)F)C(F)(F)C(F)(F)F,318.15,1.62,C[n+]1ccn(CCO)c1.FC(F)(F)C(F)(F)[P-](F)(F)(F)(C(F)(F)C(F)(F)F)C(F)(F)C(F)(F)F,30,178,0.4824261492442928
C=Cc1ccccc1,C[n+]1ccn(CCO)c1.FC(F)(F)C(F)(F)[P-](F)(F)(F)(C(F)(F)C(F)(F)F)C(F)(F)C(F)(F)F,328.15,1.69,C[n+]1ccn(CCO)c1.FC(F)(F)C(F)(F)[P-](F)(F)(F)(C(F)(F)C(F)(F)F)C(F)(F)C(F)(F)F,30,179,0.5247285289349821
C=Cc1ccccc1,C[n+]1ccn(CCO)c1.FC(F)(F)C(F)(F)[P-](F)(F)(F)(C(F)(F)C(F)(F)F)C(F)(F)C(F)(F)F,338.15,1.76,C[n+]1ccn(CCO)c1.FC(F)(F)C(F)(F)[P-](F)(F)(F)(C(F)(F)C(F)(F)F)C(F)(F)C(F)(F)F,30,180,0.5653138090500605
C=Cc1ccccc1,C[n+]1ccn(CCO)c1.FC(F)(F)C(F)(F)[P-](F)(F)(F)(C(F)(F)C(F)(F)F)C(F)(F)C(F)(F)F,348.15,1.83,C[n+]1ccn(CCO)c1.FC(F)(F)C(F)(F)[P-](F)(F)(F)(C(F)(F)C(F)(F)F)C(F)(F)C(F)(F)F,30,181,0.6043159668533296
C=Cc1ccccc1,C[n+]1ccn(CCO)c1.FC(F)(F)C(F)(F)[P-](F)(F)(F)(C(F)(F)C(F)(F)F)C(F)(F)C(F)(F)F,358.15,1.9,C[n+]1ccn(CCO)c1.FC(F)(F)C(F)(F)[P-](F)(F)(F)(C(F)(F)C(F)(F)F)C(F)(F)C(F)(F)F,30,182,0.6418538861723947
C=Cc1ccccc1,C[n+]1ccn(CCO)c1.FC(F)(F)C(F)(F)[P-](F)(F)(F)(C(F)(F)C(F)(F)F)C(F)(F)C(F)(F)F,368.15,1.97,C[n+]1ccn(CCO)c1.FC(F)(F)C(F)(F)[P-](F)(F)(F)(C(F)(F)C(F)(F)F)C(F)(F)C(F)(F)F,30,183,0.6780335427498971
C=Cc1ccccc1,COCC[N+]1(C)CCCC1.FC(F)(F)C(F)(F)[P-](F)(F)(F)(C(F)(F)C(F)(F)F)C(F)(F)C(F)(F)F,318.15,0.806,COCC[N+]1(C)CCCC1.FC(F)(F)C(F)(F)[P-](F)(F)(F)(C(F)(F)C(F)(F)F)C(F)(F)C(F)(F)F,31,184,-0.2156715364755087
C=Cc1ccccc1,COCC[N+]1(C)CCCC1.FC(F)(F)C(F)(F)[P-](F)(F)(F)(C(F)(F)C(F)(F)F)C(F)(F)C(F)(F)F,328.15,0.856,COCC[N+]1(C)CCCC1.FC(F)(F)C(F)(F)[P-](F)(F)(F)(C(F)(F)C(F)(F)F)C(F)(F)C(F)(F)F,31,185,-0.15548490284039498
C=Cc1ccccc1,COCC[N+]1(C)CCCC1.FC(F)(F)C(F)(F)[P-](F)(F)(F)(C(F)(F)C(F)(F)F)C(F)(F)C(F)(F)F,338.15,0.905,COCC[N+]1(C)CCCC1.FC(F)(F)C(F)(F)[P-](F)(F)(F)(C(F)(F)C(F)(F)F)C(F)(F)C(F)(F)F,31,186,-0.0998203352822109
C=Cc1ccccc1,COCC[N+]1(C)CCCC1.FC(F)(F)C(F)(F)[P-](F)(F)(F)(C(F)(F)C(F)(F)F)C(F)(F)C(F)(F)F,348.15,0.962,COCC[N+]1(C)CCCC1.FC(F)(F)C(F)(F)[P-](F)(F)(F)(C(F)(F)C(F)(F)F)C(F)(F)C(F)(F)F,31,187,-0.038740828316430595
C=Cc1ccccc1,COCC[N+]1(C)CCCC1.FC(F)(F)C(F)(F)[P-](F)(F)(F)(C(F)(F)C(F)(F)F)C(F)(F)C(F)(F)F,358.15,1.02,COCC[N+]1(C)CCCC1.FC(F)(F)C(F)(F)[P-](F)(F)(F)(C(F)(F)C(F)(F)F)C(F)(F)C(F)(F)F,31,188,0.01980262729617973
C=Cc1ccccc1,COCC[N+]1(C)CCCC1.FC(F)(F)C(F)(F)[P-](F)(F)(F)(C(F)(F)C(F)(F)F)C(F)(F)C(F)(F)F,368.15,1.07,COCC[N+]1(C)CCCC1.FC(F)(F)C(F)(F)[P-](F)(F)(F)(C(F)(F)C(F)(F)F)C(F)(F)C(F)(F)F,31,189,0.06765864847381486
C=Cc1ccccc1,CC[N+](C)(C)CCOC.FC(F)(F)C(F)(F)[P-](F)(F)(F)(C(F)(F)C(F)(F)F)C(F)(F)C(F)(F)F,318.15,1.05,CC[N+](C)(C)CCOC.FC(F)(F)C(F)(F)[P-](F)(F)(F)(C(F)(F)C(F)(F)F)C(F)(F)C(F)(F)F,32,190,0.04879016416943204
C=Cc1ccccc1,CC[N+](C)(C)CCOC.FC(F)(F)C(F)(F)[P-](F)(F)(F)(C(F)(F)C(F)(F)F)C(F)(F)C(F)(F)F,328.15,1.11,CC[N+](C)(C)CCOC.FC(F)(F)C(F)(F)[P-](F)(F)(F)(C(F)(F)C(F)(F)F)C(F)(F)C(F)(F)F,32,191,0.10436001532424286
C=Cc1ccccc1,CC[N+](C)(C)CCOC.FC(F)(F)C(F)(F)[P-](F)(F)(F)(C(F)(F)C(F)(F)F)C(F)(F)C(F)(F)F,338.15,1.17,CC[N+](C)(C)CCOC.FC(F)(F)C(F)(F)[P-](F)(F)(F)(C(F)(F)C(F)(F)F)C(F)(F)C(F)(F)F,32,192,0.1570037488096647
C=Cc1ccccc1,CC[N+](C)(C)CCOC.FC(F)(F)C(F)(F)[P-](F)(F)(F)(C(F)(F)C(F)(F)F)C(F)(F)C(F)(F)F,348.15,1.22,CC[N+](C)(C)CCOC.FC(F)(F)C(F)(F)[P-](F)(F)(F)(C(F)(F)C(F)(F)F)C(F)(F)C(F)(F)F,32,193,0.19885085874516517
C=Cc1ccccc1,CC[N+](C)(C)CCOC.FC(F)(F)C(F)(F)[P-](F)(F)(F)(C(F)(F)C(F)(F)F)C(F)(F)C(F)(F)F,358.15,1.28,CC[N+](C)(C)CCOC.FC(F)(F)C(F)(F)[P-](F)(F)(F)(C(F)(F)C(F)(F)F)C(F)(F)C(F)(F)F,32,194,0.2468600779315258
C=Cc1ccccc1,CC[N+](C)(C)CCOC.FC(F)(F)C(F)(F)[P-](F)(F)(F)(C(F)(F)C(F)(F)F)C(F)(F)C(F)(F)F,368.15,1.34,CC[N+](C)(C)CCOC.FC(F)(F)C(F)(F)[P-](F)(F)(F)(C(F)(F)C(F)(F)F)C(F)(F)C(F)(F)F,32,195,0.29266961396282004
C=Cc1ccccc1,COP(=O)([O-])OC.C[N+]1(CCO)CCCC1,318.15,5.45,COP(=O)([O-])OC.C[N+]1(CCO)CCCC1,33,196,1.6956156086751528
C=Cc1ccccc1,COP(=O)([O-])OC.C[N+]1(CCO)CCCC1,328.15,5.525,COP(=O)([O-])OC.C[N+]1(CCO)CCCC1,33,197,1.7092832474038167
C=Cc1ccccc1,COP(=O)([O-])OC.C[N+]1(CCO)CCCC1,338.15,5.6,COP(=O)([O-])OC.C[N+]1(CCO)CCCC1,33,198,1.7227665977411035
C=Cc1ccccc1,COP(=O)([O-])OC.C[N+]1(CCO)CCCC1,348.15,5.66,COP(=O)([O-])OC.C[N+]1(CCO)CCCC1,33,199,1.7334238922150915
C=Cc1ccccc1,COP(=O)([O-])OC.C[N+]1(CCO)CCCC1,358.15,5.73,COP(=O)([O-])OC.C[N+]1(CCO)CCCC1,33,200,1.7457155307266483
C=Cc1ccccc1,COP(=O)([O-])OC.C[N+]1(CCO)CCCC1,368.15,5.78,COP(=O)([O-])OC.C[N+]1(CCO)CCCC1,33,201,1.7544036826842861
C=Cc1ccccc1,COCC[N+]1(C)CCOCC1.FC(F)(F)C(F)(F)[P-](F)(F)(F)(C(F)(F)C(F)(F)F)C(F)(F)C(F)(F)F,318.15,1.04,COCC[N+]1(C)CCOCC1.FC(F)(F)C(F)(F)[P-](F)(F)(F)(C(F)(F)C(F)(F)F)C(F)(F)C(F)(F)F,34,202,0.03922071315328133
C=Cc1ccccc1,COCC[N+]1(C)CCOCC1.FC(F)(F)C(F)(F)[P-](F)(F)(F)(C(F)(F)C(F)(F)F)C(F)(F)C(F)(F)F,328.15,1.09,COCC[N+]1(C)CCOCC1.FC(F)(F)C(F)(F)[P-](F)(F)(F)(C(F)(F)C(F)(F)F)C(F)(F)C(F)(F)F,34,203,0.08617769624105241
C=Cc1ccccc1,COCC[N+]1(C)CCOCC1.FC(F)(F)C(F)(F)[P-](F)(F)(F)(C(F)(F)C(F)(F)F)C(F)(F)C(F)(F)F,338.15,1.15,COCC[N+]1(C)CCOCC1.FC(F)(F)C(F)(F)[P-](F)(F)(F)(C(F)(F)C(F)(F)F)C(F)(F)C(F)(F)F,34,204,0.13976194237515863
C=Cc1ccccc1,COCC[N+]1(C)CCOCC1.FC(F)(F)C(F)(F)[P-](F)(F)(F)(C(F)(F)C(F)(F)F)C(F)(F)C(F)(F)F,348.15,1.2,COCC[N+]1(C)CCOCC1.FC(F)(F)C(F)(F)[P-](F)(F)(F)(C(F)(F)C(F)(F)F)C(F)(F)C(F)(F)F,34,205,0.1823215567939546
C=Cc1ccccc1,COCC[N+]1(C)CCOCC1.FC(F)(F)C(F)(F)[P-](F)(F)(F)(C(F)(F)C(F)(F)F)C(F)(F)C(F)(F)F,358.15,1.25,COCC[N+]1(C)CCOCC1.FC(F)(F)C(F)(F)[P-](F)(F)(F)(C(F)(F)C(F)(F)F)C(F)(F)C(F)(F)F,34,206,0.22314355131420976
C=Cc1ccccc1,COCC[N+]1(C)CCOCC1.FC(F)(F)C(F)(F)[P-](F)(F)(F)(C(F)(F)C(F)(F)F)C(F)(F)C(F)(F)F,368.15,1.31,COCC[N+]1(C)CCOCC1.FC(F)(F)C(F)(F)[P-](F)(F)(F)(C(F)(F)C(F)(F)F)C(F)(F)C(F)(F)F,34,207,0.2700271372130602
C=Cc1ccccc1,CCn1cc[n+](C)c1.FC(F)(F)C(F)(F)[P-](F)(F)(F)(C(F)(F)C(F)(F)F)C(F)(F)C(F)(F)F,318.15,1.09,CCn1cc[n+](C)c1.FC(F)(F)C(F)(F)[P-](F)(F)(F)(C(F)(F)C(F)(F)F)C(F)(F)C(F)(F)F,35,208,0.08617769624105241
C=Cc1ccccc1,CCn1cc[n+](C)c1.FC(F)(F)C(F)(F)[P-](F)(F)(F)(C(F)(F)C(F)(F)F)C(F)(F)C(F)(F)F,328.15,1.16,CCn1cc[n+](C)c1.FC(F)(F)C(F)(F)[P-](F)(F)(F)(C(F)(F)C(F)(F)F)C(F)(F)C(F)(F)F,35,209,0.14842000511827322
C=Cc1ccccc1,CCn1cc[n+](C)c1.FC(F)(F)C(F)(F)[P-](F)(F)(F)(C(F)(F)C(F)(F)F)C(F)(F)C(F)(F)F,338.15,1.23,CCn1cc[n+](C)c1.FC(F)(F)C(F)(F)[P-](F)(F)(F)(C(F)(F)C(F)(F)F)C(F)(F)C(F)(F)F,35,210,0.20701416938432612
C=Cc1ccccc1,CCn1cc[n+](C)c1.FC(F)(F)C(F)(F)[P-](F)(F)(F)(C(F)(F)C(F)(F)F)C(F)(F)C(F)(F)F,348.15,1.3,CCn1cc[n+](C)c1.FC(F)(F)C(F)(F)[P-](F)(F)(F)(C(F)(F)C(F)(F)F)C(F)(F)C(F)(F)F,35,211,0.26236426446749106
C=Cc1ccccc1,CCn1cc[n+](C)c1.FC(F)(F)C(F)(F)[P-](F)(F)(F)(C(F)(F)C(F)(F)F)C(F)(F)C(F)(F)F,358.15,1.37,CCn1cc[n+](C)c1.FC(F)(F)C(F)(F)[P-](F)(F)(F)(C(F)(F)C(F)(F)F)C(F)(F)C(F)(F)F,35,212,0.3148107398400336
C=Cc1ccccc1,CCn1cc[n+](C)c1.FC(F)(F)C(F)(F)[P-](F)(F)(F)(C(F)(F)C(F)(F)F)C(F)(F)C(F)(F)F,368.15,1.44,CCn1cc[n+](C)c1.FC(F)(F)C(F)(F)[P-](F)(F)(F)(C(F)(F)C(F)(F)F)C(F)(F)C(F)(F)F,35,213,0.36464311358790924
C=Cc1ccccc1,C[N+]1(CCCO)CCOCC1.O=S(=O)([N-]S(=O)(=O)C(F)(F)F)C(F)(F)F,318.15,3.45,C[N+]1(CCCO)CCOCC1.O=S(=O)([N-]S(=O)(=O)C(F)(F)F)C(F)(F)F,36,214,1.2383742310432684
C=Cc1ccccc1,C[N+]1(CCCO)CCOCC1.O=S(=O)([N-]S(=O)(=O)C(F)(F)F)C(F)(F)F,328.15,3.51,C[N+]1(CCCO)CCOCC1.O=S(=O)([N-]S(=O)(=O)C(F)(F)F)C(F)(F)F,36,215,1.2556160374777743
C=Cc1ccccc1,C[N+]1(CCCO)CCOCC1.O=S(=O)([N-]S(=O)(=O)C(F)(F)F)C(F)(F)F,338.15,3.58,C[N+]1(CCCO)CCOCC1.O=S(=O)([N-]S(=O)(=O)C(F)(F)F)C(F)(F)F,36,216,1.275362800412609
C=Cc1ccccc1,C[N+]1(CCCO)CCOCC1.O=S(=O)([N-]S(=O)(=O)C(F)(F)F)C(F)(F)F,348.15,3.66,C[N+]1(CCCO)CCOCC1.O=S(=O)([N-]S(=O)(=O)C(F)(F)F)C(F)(F)F,36,217,1.297463147413275
C=Cc1ccccc1,C[N+]1(CCCO)CCOCC1.O=S(=O)([N-]S(=O)(=O)C(F)(F)F)C(F)(F)F,358.15,3.72,C[N+]1(CCCO)CCOCC1.O=S(=O)([N-]S(=O)(=O)C(F)(F)F)C(F)(F)F,36,218,1.3137236682850553
C=Cc1ccccc1,C[N+]1(CCCO)CCOCC1.O=S(=O)([N-]S(=O)(=O)C(F)(F)F)C(F)(F)F,368.15,3.78,C[N+]1(CCCO)CCOCC1.O=S(=O)([N-]S(=O)(=O)C(F)(F)F)C(F)(F)F,36,219,1.3297240096314962
C=Cc1ccccc1,C=CC[n+]1ccn(C)c1.N#C[N-]C#N,308.15,3.87,C=CC[n+]1ccn(C)c1.N#C[N-]C#N,37,220,1.3532545070416904
C=Cc1ccccc1,C=CC[n+]1ccn(C)c1.N#C[N-]C#N,318.15,3.99,C=CC[n+]1ccn(C)c1.N#C[N-]C#N,37,221,1.3837912309017721
C=Cc1ccccc1,C=CC[n+]1ccn(C)c1.N#C[N-]C#N,328.15,4.13,C=CC[n+]1ccn(C)c1.N#C[N-]C#N,37,222,1.4182774069729414
C=Cc1ccccc1,C=CC[n+]1ccn(C)c1.N#C[N-]C#N,338.15,4.25,C=CC[n+]1ccn(C)c1.N#C[N-]C#N,37,223,1.4469189829363254
C=Cc1ccccc1,C=CC[n+]1ccn(C)c1.N#C[N-]C#N,348.15,4.38,C=CC[n+]1ccn(C)c1.N#C[N-]C#N,37,224,1.4770487243883548
C=Cc1ccccc1,C=CC[n+]1ccn(C)c1.N#C[N-]C#N,358.15,4.5,C=CC[n+]1ccn(C)c1.N#C[N-]C#N,37,225,1.5040773967762742
C=Cc1ccccc1,C=CC[n+]1ccn(C)c1.O=S(=O)([N-]S(=O)(=O)C(F)(F)F)C(F)(F)F,318.15,1.51,C=CC[n+]1ccn(C)c1.O=S(=O)([N-]S(=O)(=O)C(F)(F)F)C(F)(F)F,38,226,0.412109650826833
C=Cc1ccccc1,C=CC[n+]1ccn(C)c1.O=S(=O)([N-]S(=O)(=O)C(F)(F)F)C(F)(F)F,328.15,1.59,C=CC[n+]1ccn(C)c1.O=S(=O)([N-]S(=O)(=O)C(F)(F)F)C(F)(F)F,38,227,0.4637340162321402
C=Cc1ccccc1,C=CC[n+]1ccn(C)c1.O=S(=O)([N-]S(=O)(=O)C(F)(F)F)C(F)(F)F,338.15,1.67,C=CC[n+]1ccn(C)c1.O=S(=O)([N-]S(=O)(=O)C(F)(F)F)C(F)(F)F,38,228,0.5128236264286637
C=Cc1ccccc1,C=CC[n+]1ccn(C)c1.O=S(=O)([N-]S(=O)(=O)C(F)(F)F)C(F)(F)F,348.15,1.75,C=CC[n+]1ccn(C)c1.O=S(=O)([N-]S(=O)(=O)C(F)(F)F)C(F)(F)F,38,229,0.5596157879354227
C=Cc1ccccc1,C=CC[n+]1ccn(C)c1.O=S(=O)([N-]S(=O)(=O)C(F)(F)F)C(F)(F)F,358.15,1.83,C=CC[n+]1ccn(C)c1.O=S(=O)([N-]S(=O)(=O)C(F)(F)F)C(F)(F)F,38,230,0.6043159668533296
C=Cc1ccccc1,C=CC[n+]1ccn(C)c1.O=S(=O)([N-]S(=O)(=O)C(F)(F)F)C(F)(F)F,368.15,1.92,C=CC[n+]1ccn(C)c1.O=S(=O)([N-]S(=O)(=O)C(F)(F)F)C(F)(F)F,38,231,0.6523251860396901
C=Cc1ccccc1,CCCCCCCCCCn1cc[n+](CCCCCCCCCC)c1C.N#C[N-]C#N,358.15,0.781,CCCCCCCCCCn1cc[n+](CCCCCCCCCC)c1C.N#C[N-]C#N,39,232,-0.24718012914245105
C=Cc1ccccc1,CCCCCCCCCCn1cc[n+](CCCCCCCCCC)c1C.N#C[N-]C#N,368.15,0.819,CCCCCCCCCCn1cc[n+](CCCCCCCCCC)c1C.N#C[N-]C#N,39,233,-0.1996711951290677
C=Cc1ccccc1,CCCCCCCCCCn1cc[n+](CCCCCCCCCC)c1C.N#C[N-]C#N,378.15,0.857,CCCCCCCCCCn1cc[n+](CCCCCCCCCC)c1C.N#C[N-]C#N,39,234,-0.15431736038435728
C=Cc1ccccc1,CCCCCCCCCCn1cc[n+](CCCCCCCCCC)c1C.N#C[N-]C#N,388.15,0.893,CCCCCCCCCCn1cc[n+](CCCCCCCCCC)c1C.N#C[N-]C#N,39,235,-0.11316869810563798
C=Cc1ccccc1,CCCCCCCCCCn1cc[n+](CCCCCCCCCC)c1C.N#C[N-]C#N,398.15,0.93,CCCCCCCCCCn1cc[n+](CCCCCCCCCC)c1C.N#C[N-]C#N,39,236,-0.07257069283483537
C=Cc1ccccc1,CCCCCCCCCCn1cc[n+](CCCCCCCCCC)c1C.N#C[N-]C#N,408.15,0.966,CCCCCCCCCCn1cc[n+](CCCCCCCCCC)c1C.N#C[N-]C#N,39,237,-0.03459144476961909
C=Cc1ccccc1,CCCCCC[n+]1ccn(C)c1.[Cl-],313.15,3.424,CCCCCC[n+]1ccn(C)c1.[Cl-],40,238,1.2308094582794957
C=Cc1ccccc1,CCCCCC[n+]1ccn(C)c1.[Cl-],323.15,3.334,CCCCCC[n+]1ccn(C)c1.[Cl-],40,239,1.2041727843286023
C=Cc1ccccc1,CCCCCC[n+]1ccn(C)c1.[Cl-],333.15,3.259,CCCCCC[n+]1ccn(C)c1.[Cl-],40,240,1.1814203998554245
C=Cc1ccccc1,CCCCCC[n+]1ccn(C)c1.[Cl-],343.15,3.195,CCCCCC[n+]1ccn(C)c1.[Cl-],40,241,1.161587087829498
C=Cc1ccccc1,CCCCCC[n+]1ccn(C)c1.[Cl-],353.15,3.151,CCCCCC[n+]1ccn(C)c1.[Cl-],40,242,1.1477198627751375
C=Cc1ccccc1,CCCCCC[n+]1ccn(C)c1.[Cl-],363.15,3.118,CCCCCC[n+]1ccn(C)c1.[Cl-],40,243,1.1371917706355847
C=Cc1ccccc1,CCCC[N+]1(C)CCCC1.N#C[N-]C#N,313.15,1.49,CCCC[N+]1(C)CCCC1.N#C[N-]C#N,41,244,0.3987761199573678
C=Cc1ccccc1,CCCC[N+]1(C)CCCC1.N#C[N-]C#N,323.15,1.54,CCCC[N+]1(C)CCCC1.N#C[N-]C#N,41,245,0.43178241642553783
C=Cc1ccccc1,CCCC[N+]1(C)CCCC1.N#C[N-]C#N,343.15,1.7,CCCC[N+]1(C)CCCC1.N#C[N-]C#N,41,246,0.5306282510621704
C=Cc1ccccc1,CCCC[N+]1(C)CCCC1.N#C[N-]C#N,363.15,1.8,CCCC[N+]1(C)CCCC1.N#C[N-]C#N,41,247,0.5877866649021191
C=Cc1ccccc1,CCCC[N+]1(C)CCCC1.N#C[N-]C#N,373.15,1.9,CCCC[N+]1(C)CCCC1.N#C[N-]C#N,41,248,0.6418538861723947
C=Cc1ccccc1,CCOP(=O)([O-])OCC.CC[n+]1ccn(C)c1,303.15,5.002,CCOP(=O)([O-])OCC.CC[n+]1ccn(C)c1,42,249,1.6098378324554272
C=Cc1ccccc1,CCOP(=O)([O-])OCC.CC[n+]1ccn(C)c1,313.15,4.986,CCOP(=O)([O-])OCC.CC[n+]1ccn(C)c1,42,250,1.606633985101366
C=Cc1ccccc1,CCOP(=O)([O-])OCC.CC[n+]1ccn(C)c1,323.15,4.962,CCOP(=O)([O-])OCC.CC[n+]1ccn(C)c1,42,251,1.6018088852696093
C=Cc1ccccc1,CCOP(=O)([O-])OCC.CC[n+]1ccn(C)c1,333.15,4.938,CCOP(=O)([O-])OCC.CC[n+]1ccn(C)c1,42,252,1.5969603909229877
C=Cc1ccccc1,CCOP(=O)([O-])OCC.CC[n+]1ccn(C)c1,343.15,4.911,CCOP(=O)([O-])OCC.CC[n+]1ccn(C)c1,42,253,1.5914775870571074
C=Cc1ccccc1,COP(=O)([O-])OC.Cn1cc[n+](C)c1,323.15,6.622,COP(=O)([O-])OC.Cn1cc[n+](C)c1,43,254,1.8903974391250544
C=Cc1ccccc1,COP(=O)([O-])OC.Cn1cc[n+](C)c1,333.15,6.608,COP(=O)([O-])OC.Cn1cc[n+](C)c1,43,255,1.8882810362186768
C=Cc1ccccc1,COP(=O)([O-])OC.Cn1cc[n+](C)c1,343.15,6.597,COP(=O)([O-])OC.Cn1cc[n+](C)c1,43,256,1.8866150002407338
C=Cc1ccccc1,COP(=O)([O-])OC.Cn1cc[n+](C)c1,353.15,6.581,COP(=O)([O-])OC.Cn1cc[n+](C)c1,43,257,1.8841867094739821
C=Cc1ccccc1,COP(=O)([O-])OC.Cn1cc[n+](C)c1,363.15,6.571,COP(=O)([O-])OC.Cn1cc[n+](C)c1,43,258,1.8826660279157308
C=Cc1ccccc1,CCCC[P+](CC)(CCCC)CCCC.CCOP(=O)([O-])OCC,328.15,0.971,CCCC[P+](CC)(CCCC)CCCC.CCOP(=O)([O-])OCC,44,259,-0.029428810690812168
C=Cc1ccccc1,CCCC[P+](CC)(CCCC)CCCC.CCOP(=O)([O-])OCC,338.15,0.975,CCCC[P+](CC)(CCCC)CCCC.CCOP(=O)([O-])OCC,44,260,-0.025317807984289897
C=Cc1ccccc1,CCCC[P+](CC)(CCCC)CCCC.CCOP(=O)([O-])OCC,348.15,0.98,CCCC[P+](CC)(CCCC)CCCC.CCOP(=O)([O-])OCC,44,261,-0.020202707317519466
C=Cc1ccccc1,CCCC[P+](CC)(CCCC)CCCC.CCOP(=O)([O-])OCC,358.15,0.983,CCCC[P+](CC)(CCCC)CCCC.CCOP(=O)([O-])OCC,44,262,-0.017146158834970514
C=Cc1ccccc1,CCCC[P+](CC)(CCCC)CCCC.CCOP(=O)([O-])OCC,368.15,0.987,CCCC[P+](CC)(CCCC)CCCC.CCOP(=O)([O-])OCC,44,263,-0.01308523954865548
C=Cc1ccccc1,CCCC[n+]1cccc(C)c1.N#C[N-]C#N,328.15,1.39,CCCC[n+]1cccc(C)c1.N#C[N-]C#N,45,264,0.3293037471426003
C=Cc1ccccc1,CCCC[n+]1cccc(C)c1.N#C[N-]C#N,338.15,1.44,CCCC[n+]1cccc(C)c1.N#C[N-]C#N,45,265,0.36464311358790924
C=Cc1ccccc1,CCCC[n+]1cccc(C)c1.N#C[N-]C#N,348.15,1.49,CCCC[n+]1cccc(C)c1.N#C[N-]C#N,45,266,0.3987761199573678
C=Cc1ccccc1,CCCC[n+]1cccc(C)c1.N#C[N-]C#N,358.15,1.54,CCCC[n+]1cccc(C)c1.N#C[N-]C#N,45,267,0.43178241642553783
C=Cc1ccccc1,CCCC[n+]1cccc(C)c1.N#C[N-]C#N,368.15,1.59,CCCC[n+]1cccc(C)c1.N#C[N-]C#N,45,268,0.4637340162321402
C=Cc1ccccc1,CC[N+](C)(CC)CCOC.O=S(=O)([N-]S(=O)(=O)C(F)(F)F)C(F)(F)F,318.15,1.3,CC[N+](C)(CC)CCOC.O=S(=O)([N-]S(=O)(=O)C(F)(F)F)C(F)(F)F,46,269,0.26236426446749106
C=Cc1ccccc1,CC[N+](C)(CC)CCOC.O=S(=O)([N-]S(=O)(=O)C(F)(F)F)C(F)(F)F,328.15,1.3,CC[N+](C)(CC)CCOC.O=S(=O)([N-]S(=O)(=O)C(F)(F)F)C(F)(F)F,46,270,0.26236426446749106
C=Cc1ccccc1,CC[N+](C)(CC)CCOC.O=S(=O)([N-]S(=O)(=O)C(F)(F)F)C(F)(F)F,338.15,1.31,CC[N+](C)(CC)CCOC.O=S(=O)([N-]S(=O)(=O)C(F)(F)F)C(F)(F)F,46,271,0.2700271372130602
C=Cc1ccccc1,CC[N+](C)(CC)CCOC.O=S(=O)([N-]S(=O)(=O)C(F)(F)F)C(F)(F)F,348.15,1.34,CC[N+](C)(CC)CCOC.O=S(=O)([N-]S(=O)(=O)C(F)(F)F)C(F)(F)F,46,272,0.29266961396282004
C=Cc1ccccc1,CC[N+](C)(CC)CCOC.O=S(=O)([N-]S(=O)(=O)C(F)(F)F)C(F)(F)F,358.15,1.36,CC[N+](C)(CC)CCOC.O=S(=O)([N-]S(=O)(=O)C(F)(F)F)C(F)(F)F,46,273,0.3074846997479607
C=Cc1ccccc1,Cn1cc[n+](CCCO)c1.N#C[S-],318.15,7.31,Cn1cc[n+](CCCO)c1.N#C[S-],47,274,1.9892432737616872
C=Cc1ccccc1,Cn1cc[n+](CCCO)c1.N#C[S-],328.15,7.36,Cn1cc[n+](CCCO)c1.N#C[S-],47,275,1.9960599327407849
C=Cc1ccccc1,Cn1cc[n+](CCCO)c1.N#C[S-],338.15,7.41,Cn1cc[n+](CCCO)c1.N#C[S-],47,276,2.0028304393079956
C=Cc1ccccc1,Cn1cc[n+](CCCO)c1.N#C[S-],348.15,7.45,Cn1cc[n+](CCCO)c1.N#C[S-],47,277,2.0082140323914683
C=Cc1ccccc1,Cn1cc[n+](CCCO)c1.N#C[S-],358.15,7.5,Cn1cc[n+](CCCO)c1.N#C[S-],47,278,2.0149030205422647
C=Cc1ccccc1,Cn1cc[n+](CCO)c1.N#C[N-]C#N,318.15,7.21,Cn1cc[n+](CCO)c1.N#C[N-]C#N,48,279,1.9754689512968577
C=Cc1ccccc1,Cn1cc[n+](CCO)c1.N#C[N-]C#N,328.15,7.23,Cn1cc[n+](CCO)c1.N#C[N-]C#N,48,280,1.9782390361706734
C=Cc1ccccc1,Cn1cc[n+](CCO)c1.N#C[N-]C#N,338.15,7.24,Cn1cc[n+](CCO)c1.N#C[N-]C#N,48,281,1.979621206397625
C=Cc1ccccc1,Cn1cc[n+](CCO)c1.N#C[N-]C#N,348.15,7.27,Cn1cc[n+](CCO)c1.N#C[N-]C#N,48,282,1.9837562915454279
C=Cc1ccccc1,Cn1cc[n+](CCO)c1.N#C[N-]C#N,358.15,7.28,Cn1cc[n+](CCO)c1.N#C[N-]C#N,48,283,1.9851308622085946
C=Cc1ccccc1,Cn1cc[n+](CCCl)c1.N#C[N-]C#N,318.15,8.37,Cn1cc[n+](CCCl)c1.N#C[N-]C#N,49,284,2.124653884501384
C=Cc1ccccc1,Cn1cc[n+](CCCl)c1.N#C[N-]C#N,328.15,8.26,Cn1cc[n+](CCCl)c1.N#C[N-]C#N,49,285,2.1114245875328868
C=Cc1ccccc1,Cn1cc[n+](CCCl)c1.N#C[N-]C#N,338.15,8.09,Cn1cc[n+](CCCl)c1.N#C[N-]C#N,49,286,2.0906287310704004
C=Cc1ccccc1,Cn1cc[n+](CCCl)c1.N#C[N-]C#N,348.15,7.97,Cn1cc[n+](CCCl)c1.N#C[N-]C#N,49,287,2.075684492802124
C=Cc1ccccc1,Cn1cc[n+](CCCl)c1.N#C[N-]C#N,358.15,7.85,Cn1cc[n+](CCCl)c1.N#C[N-]C#N,49,288,2.060513531794317
C=Cc1ccccc1,CCCn1cc[n+](C)c1.[Br-],323.15,1.83,CCCn1cc[n+](C)c1.[Br-],50,289,0.6043159668533296
C=Cc1ccccc1,CCCn1cc[n+](C)c1.[Br-],333.15,1.92,CCCn1cc[n+](C)c1.[Br-],50,290,0.6523251860396901
C=Cc1ccccc1,CCCn1cc[n+](C)c1.[Br-],343.15,2.0,CCCn1cc[n+](C)c1.[Br-],50,291,0.6931471805599453
C=Cc1ccccc1,CCCn1cc[n+](C)c1.[Br-],353.15,2.08,CCCn1cc[n+](C)c1.[Br-],50,292,0.7323678937132266
C=Cc1ccccc1,CCCn1cc[n+](C)c1.[Br-],363.15,2.17,CCCn1cc[n+](C)c1.[Br-],50,293,0.7747271675523681
C=Cc1ccccc1,CCCC[n+]1ccn(C)c1.F[B-](F)(F)F,303.15,2.287,CCCC[n+]1ccn(C)c1.F[B-](F)(F)F,51,294,0.827240915040644
C=Cc1ccccc1,CCCC[n+]1ccn(C)c1.F[B-](F)(F)F,313.15,2.293,CCCC[n+]1ccn(C)c1.F[B-](F)(F)F,51,295,0.8298610038757674
C=Cc1ccccc1,CCCC[n+]1ccn(C)c1.F[B-](F)(F)F,323.15,2.339,CCCC[n+]1ccn(C)c1.F[B-](F)(F)F,51,296,0.849723487602042
C=Cc1ccccc1,CCCC[n+]1ccn(C)c1.F[B-](F)(F)F,333.15,2.411,CCCC[n+]1ccn(C)c1.F[B-](F)(F)F,51,297,0.880041599199034
C=Cc1ccccc1,CCCC[n+]1ccn(C)c1.F[B-](F)(F)F,343.15,2.475,CCCC[n+]1ccn(C)c1.F[B-](F)(F)F,51,298,0.9062403960206536
C=Cc1ccccc1,CN1CCCN2CCC[NH+]=C12.O=S(=O)([N-]S(=O)(=O)C(F)(F)C(F)(F)F)C(F)(F)C(F)(F)F,318.15,0.993,CN1CCCN2CCC[NH+]=C12.O=S(=O)([N-]S(=O)(=O)C(F)(F)C(F)(F)F)C(F)(F)C(F)(F)F,52,299,-0.007024614936964466
C=Cc1ccccc1,CN1CCCN2CCC[NH+]=C12.O=S(=O)([N-]S(=O)(=O)C(F)(F)C(F)(F)F)C(F)(F)C(F)(F)F,328.15,1.02,CN1CCCN2CCC[NH+]=C12.O=S(=O)([N-]S(=O)(=O)C(F)(F)C(F)(F)F)C(F)(F)C(F)(F)F,52,300,0.01980262729617973
C=Cc1ccccc1,CN1CCCN2CCC[NH+]=C12.O=S(=O)([N-]S(=O)(=O)C(F)(F)C(F)(F)F)C(F)(F)C(F)(F)F,338.15,1.05,CN1CCCN2CCC[NH+]=C12.O=S(=O)([N-]S(=O)(=O)C(F)(F)C(F)(F)F)C(F)(F)C(F)(F)F,52,301,0.04879016416943204
C=Cc1ccccc1,CN1CCCN2CCC[NH+]=C12.O=S(=O)([N-]S(=O)(=O)C(F)(F)C(F)(F)F)C(F)(F)C(F)(F)F,348.15,1.08,CN1CCCN2CCC[NH+]=C12.O=S(=O)([N-]S(=O)(=O)C(F)(F)C(F)(F)F)C(F)(F)C(F)(F)F,52,302,0.0769610411361284
C=Cc1ccccc1,CCCC[n+]1ccc(C)cc1.F[B-](F)(F)F,313.0,1.98,CCCC[n+]1ccc(C)cc1.F[B-](F)(F)F,53,303,0.6830968447064438
C=Cc1ccccc1,CCCC[n+]1ccc(C)cc1.F[B-](F)(F)F,323.0,2.019,CCCC[n+]1ccc(C)cc1.F[B-](F)(F)F,53,304,0.7026023393307005
C=Cc1ccccc1,CCCC[n+]1ccc(C)cc1.F[B-](F)(F)F,333.0,2.053,CCCC[n+]1ccc(C)cc1.F[B-](F)(F)F,53,305,0.7193021380367964
C=Cc1ccccc1,CCCC[n+]1ccc(C)cc1.F[B-](F)(F)F,343.0,2.084,CCCC[n+]1ccc(C)cc1.F[B-](F)(F)F,53,306,0.7342891238911206
C=Cc1ccccc1,CC[n+]1ccn(C)c1C.O=S(=O)([N-]S(=O)(=O)C(F)(F)F)C(F)(F)F,313.0,1.49,CC[n+]1ccn(C)c1C.O=S(=O)([N-]S(=O)(=O)C(F)(F)F)C(F)(F)F,54,307,0.3987761199573678
C=Cc1ccccc1,CC[n+]1ccn(C)c1C.O=S(=O)([N-]S(=O)(=O)C(F)(F)F)C(F)(F)F,323.0,1.502,CC[n+]1ccn(C)c1C.O=S(=O)([N-]S(=O)(=O)C(F)(F)F)C(F)(F)F,54,308,0.406797553341943
C=Cc1ccccc1,CC[n+]1ccn(C)c1C.O=S(=O)([N-]S(=O)(=O)C(F)(F)F)C(F)(F)F,333.0,1.514,CC[n+]1ccn(C)c1C.O=S(=O)([N-]S(=O)(=O)C(F)(F)F)C(F)(F)F,54,309,0.41475515501525706
C=Cc1ccccc1,CC[n+]1ccn(C)c1C.O=S(=O)([N-]S(=O)(=O)C(F)(F)F)C(F)(F)F,343.0,1.531,CC[n+]1ccn(C)c1C.O=S(=O)([N-]S(=O)(=O)C(F)(F)F)C(F)(F)F,54,310,0.42592111667554666
C=Cc1ccccc1,CC[n+]1ccn(C)c1.O=S(=O)([N-]S(=O)(=O)C(F)(F)F)C(F)(F)F,313.0,1.664,CC[n+]1ccn(C)c1.O=S(=O)([N-]S(=O)(=O)C(F)(F)F)C(F)(F)F,55,311,0.5092243423990168
C=Cc1ccccc1,CC[n+]1ccn(C)c1.O=S(=O)([N-]S(=O)(=O)C(F)(F)F)C(F)(F)F,323.0,1.668,CC[n+]1ccn(C)c1.O=S(=O)([N-]S(=O)(=O)C(F)(F)F)C(F)(F)F,55,312,0.5116253039365549
C=Cc1ccccc1,CC[n+]1ccn(C)c1.O=S(=O)([N-]S(=O)(=O)C(F)(F)F)C(F)(F)F,333.0,1.673,CC[n+]1ccn(C)c1.O=S(=O)([N-]S(=O)(=O)C(F)(F)F)C(F)(F)F,55,313,0.514618422004687
C=Cc1ccccc1,CC[n+]1ccn(C)c1.O=S(=O)([N-]S(=O)(=O)C(F)(F)F)C(F)(F)F,343.0,1.68,CC[n+]1ccn(C)c1.O=S(=O)([N-]S(=O)(=O)C(F)(F)F)C(F)(F)F,55,314,0.5187937934151675
C=Cc1ccccc1,C[N+]1(CCCO)CCOCC1.N#C[C-](C#N)C#N,328.15,5.68,C[N+]1(CCCO)CCOCC1.N#C[C-](C#N)C#N,56,315,1.7369512327330598
C=Cc1ccccc1,C[N+]1(CCCO)CCOCC1.N#C[C-](C#N)C#N,338.15,5.66,C[N+]1(CCCO)CCOCC1.N#C[C-](C#N)C#N,56,316,1.7334238922150915
C=Cc1ccccc1,C[N+]1(CCCO)CCOCC1.N#C[C-](C#N)C#N,348.15,5.64,C[N+]1(CCCO)CCOCC1.N#C[C-](C#N)C#N,56,317,1.7298840655099674
C=Cc1ccccc1,C[N+]1(CCCO)CCOCC1.N#C[C-](C#N)C#N,358.15,5.63,C[N+]1(CCCO)CCOCC1.N#C[C-](C#N)C#N,56,318,1.728109442151599
C=Cc1ccccc1,C[N+]1(CCCC#N)CCOCC1.N#C[C-](C#N)C#N,328.15,5.82,C[N+]1(CCCC#N)CCOCC1.N#C[C-](C#N)C#N,57,319,1.7613002617433464
C=Cc1ccccc1,C[N+]1(CCCC#N)CCOCC1.N#C[C-](C#N)C#N,338.15,5.79,C[N+]1(CCCC#N)CCOCC1.N#C[C-](C#N)C#N,57,320,1.7561322915849038
C=Cc1ccccc1,C[N+]1(CCCC#N)CCOCC1.N#C[C-](C#N)C#N,348.15,5.76,C[N+]1(CCCC#N)CCOCC1.N#C[C-](C#N)C#N,57,321,1.7509374747078
C=Cc1ccccc1,C[N+]1(CCCC#N)CCOCC1.N#C[C-](C#N)C#N,358.15,5.73,C[N+]1(CCCC#N)CCOCC1.N#C[C-](C#N)C#N,57,322,1.7457155307266483
C=Cc1ccccc1,CCCC[n+]1ccn(C)c1.CS(=O)(=O)[O-],358.15,3.79,CCCC[n+]1ccn(C)c1.CS(=O)(=O)[O-],58,323,1.332366019094335
C=Cc1ccccc1,CCCC[n+]1ccn(C)c1.CS(=O)(=O)[O-],368.15,3.96,CCCC[n+]1ccn(C)c1.CS(=O)(=O)[O-],58,324,1.3762440252663892
C=Cc1ccccc1,CCCC[n+]1ccn(C)c1.CS(=O)(=O)[O-],378.15,4.2,CCCC[n+]1ccn(C)c1.CS(=O)(=O)[O-],58,325,1.4350845252893227
C=Cc1ccccc1,CCCC[n+]1ccn(C)c1.CS(=O)(=O)[O-],388.15,4.4,CCCC[n+]1ccn(C)c1.CS(=O)(=O)[O-],58,326,1.4816045409242156
C=Cc1ccccc1,CCCC[n+]1ccn(C)c1.COP(=O)([O-])OC,358.15,2.79,CCCC[n+]1ccn(C)c1.COP(=O)([O-])OC,59,327,1.0260415958332743
C=Cc1ccccc1,CCCC[n+]1ccn(C)c1.COP(=O)([O-])OC,368.15,2.93,CCCC[n+]1ccn(C)c1.COP(=O)([O-])OC,59,328,1.075002423028976
C=Cc1ccccc1,CCCC[n+]1ccn(C)c1.COP(=O)([O-])OC,378.15,3.06,CCCC[n+]1ccn(C)c1.COP(=O)([O-])OC,59,329,1.1184149159642893
C=Cc1ccccc1,CCCC[n+]1ccn(C)c1.COP(=O)([O-])OC,388.15,3.26,CCCC[n+]1ccn(C)c1.COP(=O)([O-])OC,59,330,1.1817271953786161
C=Cc1ccccc1,CCCC[n+]1ccn(C)c1.[Cl-],358.15,4.96,CCCC[n+]1ccn(C)c1.[Cl-],60,331,1.601405740736836
C=Cc1ccccc1,CCCC[n+]1ccn(C)c1.[Cl-],368.15,5.18,CCCC[n+]1ccn(C)c1.[Cl-],60,332,1.6448050562713916
C=Cc1ccccc1,CCCC[n+]1ccn(C)c1.[Cl-],378.15,5.42,CCCC[n+]1ccn(C)c1.[Cl-],60,333,1.6900958154515549
C=Cc1ccccc1,CCCC[n+]1ccn(C)c1.[Cl-],388.15,5.73,CCCC[n+]1ccn(C)c1.[Cl-],60,334,1.7457155307266483
C=Cc1ccccc1,Cn1cc[n+](CCCC#N)c1.N#C[N-]C#N,328.15,6.56,Cn1cc[n+](CCCC#N)c1.N#C[N-]C#N,61,335,1.8809906029559975
C=Cc1ccccc1,Cn1cc[n+](CCCC#N)c1.N#C[N-]C#N,338.15,6.5,Cn1cc[n+](CCCC#N)c1.N#C[N-]C#N,61,336,1.8718021769015913
C=Cc1ccccc1,Cn1cc[n+](CCCC#N)c1.N#C[N-]C#N,348.15,6.45,Cn1cc[n+](CCCC#N)c1.N#C[N-]C#N,61,337,1.864080130807681
C=Cc1ccccc1,Cn1cc[n+](CCCC#N)c1.N#C[N-]C#N,358.15,6.44,Cn1cc[n+](CCCC#N)c1.N#C[N-]C#N,61,338,1.8625285401162623
C=Cc1ccccc1,CC[n+]1ccn(C)c1.O=S(=O)([N-]S(=O)(=O)C(F)(F)F)C(F)(F)F,313.8,1.664,CC[n+]1ccn(C)c1.O=S(=O)([N-]S(=O)(=O)C(F)(F)F)C(F)(F)F,55,339,0.5092243423990168
C=Cc1ccccc1,CC[n+]1ccn(C)c1.O=S(=O)([N-]S(=O)(=O)C(F)(F)F)C(F)(F)F,323.1,1.668,CC[n+]1ccn(C)c1.O=S(=O)([N-]S(=O)(=O)C(F)(F)F)C(F)(F)F,55,340,0.5116253039365549
C=Cc1ccccc1,CC[n+]1ccn(C)c1.O=S(=O)([N-]S(=O)(=O)C(F)(F)F)C(F)(F)F,333.4,1.673,CC[n+]1ccn(C)c1.O=S(=O)([N-]S(=O)(=O)C(F)(F)F)C(F)(F)F,55,341,0.514618422004687
C=Cc1ccccc1,CC[n+]1ccn(C)c1.O=S(=O)([N-]S(=O)(=O)C(F)(F)F)C(F)(F)F,343.8,1.68,CC[n+]1ccn(C)c1.O=S(=O)([N-]S(=O)(=O)C(F)(F)F)C(F)(F)F,55,342,0.5187937934151675
C=Cc1ccccc1,CC[n+]1ccn(C)c1C.O=S(=O)([N-]S(=O)(=O)C(F)(F)F)C(F)(F)F,313.8,1.49,CC[n+]1ccn(C)c1C.O=S(=O)([N-]S(=O)(=O)C(F)(F)F)C(F)(F)F,54,343,0.3987761199573678
C=Cc1ccccc1,CC[n+]1ccn(C)c1C.O=S(=O)([N-]S(=O)(=O)C(F)(F)F)C(F)(F)F,323.1,1.502,CC[n+]1ccn(C)c1C.O=S(=O)([N-]S(=O)(=O)C(F)(F)F)C(F)(F)F,54,344,0.406797553341943
C=Cc1ccccc1,CC[n+]1ccn(C)c1C.O=S(=O)([N-]S(=O)(=O)C(F)(F)F)C(F)(F)F,333.4,1.514,CC[n+]1ccn(C)c1C.O=S(=O)([N-]S(=O)(=O)C(F)(F)F)C(F)(F)F,54,345,0.41475515501525706
C=Cc1ccccc1,CC[n+]1ccn(C)c1C.O=S(=O)([N-]S(=O)(=O)C(F)(F)F)C(F)(F)F,343.7,1.531,CC[n+]1ccn(C)c1C.O=S(=O)([N-]S(=O)(=O)C(F)(F)F)C(F)(F)F,54,346,0.42592111667554666
C=Cc1ccccc1,CCCC[n+]1ccn(C)c1.[O-]Cl(=O)(=O)=O,333.15,2.29,CCCC[n+]1ccn(C)c1.[O-][Cl+3]([O-])([O-])[O-],62,347,0.8285518175661483
C=Cc1ccccc1,CCCC[n+]1ccn(C)c1.[O-]Cl(=O)(=O)=O,343.15,2.42,CCCC[n+]1ccn(C)c1.[O-][Cl+3]([O-])([O-])[O-],62,348,0.883767540168595
C=Cc1ccccc1,CCCC[n+]1ccn(C)c1.[O-]Cl(=O)(=O)=O,353.15,2.5,CCCC[n+]1ccn(C)c1.[O-][Cl+3]([O-])([O-])[O-],62,349,0.9162907318741551
C=Cc1ccccc1,CC[n+]1ccn(C)c1.F[B-](F)(F)F,303.15,3.375,CC[n+]1ccn(C)c1.F[B-](F)(F)F,63,350,1.2163953243244932
C=Cc1ccccc1,CC[n+]1ccn(C)c1.F[B-](F)(F)F,313.15,3.443,CC[n+]1ccn(C)c1.F[B-](F)(F)F,63,351,1.2363431843563868
C=Cc1ccccc1,CC[n+]1ccn(C)c1.F[B-](F)(F)F,323.15,3.489,CC[n+]1ccn(C)c1.F[B-](F)(F)F,63,352,1.249615162204637
C=Cc1ccccc1,CC[n+]1ccn(C)c1.F[B-](F)(F)F,333.15,3.558,CC[n+]1ccn(C)c1.F[B-](F)(F)F,63,353,1.2691985892436433
C=Cc1ccccc1,CC[n+]1ccn(C)c1.F[B-](F)(F)F,343.15,3.62,CC[n+]1ccn(C)c1.F[B-](F)(F)F,63,354,1.2864740258376797
C=Cc1ccccc1,CC[n+]1ccn(C)c1.F[B-](F)(F)F,353.15,3.654,CC[n+]1ccn(C)c1.F[B-](F)(F)F,63,355,1.2958224579558149
C=Cc1ccccc1,CC[n+]1ccn(C)c1.F[B-](F)(F)F,363.15,3.734,CC[n+]1ccn(C)c1.F[B-](F)(F)F,63,356,1.3174800451195308
C=Cc1ccccc1,CCCn1cc[n+](C)c1C.F[B-](F)(F)F,303.15,6.606,CCCn1cc[n+](C)c1C.F[B-](F)(F)F,64,357,1.887978326968598
C=Cc1ccccc1,CCCn1cc[n+](C)c1C.F[B-](F)(F)F,313.15,5.314,CCCn1cc[n+](C)c1C.F[B-](F)(F)F,64,358,1.6703448473376217
C=Cc1ccccc1,CCCn1cc[n+](C)c1C.F[B-](F)(F)F,323.15,4.587,CCCn1cc[n+](C)c1C.F[B-](F)(F)F,64,359,1.523226215615035
C=Cc1ccccc1,CCCn1cc[n+](C)c1C.F[B-](F)(F)F,333.15,3.817,CCCn1cc[n+](C)c1C.F[B-](F)(F)F,64,360,1.3394647737630927
C=Cc1ccccc1,CCCn1cc[n+](C)c1C.F[B-](F)(F)F,343.15,3.378,CCCn1cc[n+](C)c1C.F[B-](F)(F)F,64,361,1.2172838183856083
C=Cc1ccccc1,CCCn1cc[n+](C)c1C.F[B-](F)(F)F,353.15,2.967,CCCn1cc[n+](C)c1C.F[B-](F)(F)F,64,362,1.0875513413086848
C=Cc1ccccc1,CCCn1cc[n+](C)c1C.F[B-](F)(F)F,363.15,2.653,CCCn1cc[n+](C)c1C.F[B-](F)(F)F,64,363,0.9756910751556026
C=Cc1ccccc1,CCCCCC[n+]1ccn(C)c1.O=S(=O)([O-])C(F)(F)F,303.15,1.7,CCCCCC[n+]1ccn(C)c1.O=S(=O)([O-])C(F)(F)F,65,364,0.5306282510621704
C=Cc1ccccc1,CCCCCC[n+]1ccn(C)c1.O=S(=O)([O-])C(F)(F)F,313.15,1.728,CCCCCC[n+]1ccn(C)c1.O=S(=O)([O-])C(F)(F)F,65,365,0.5469646703818639
C=Cc1ccccc1,CCCCCC[n+]1ccn(C)c1.O=S(=O)([O-])C(F)(F)F,323.15,1.763,CCCCCC[n+]1ccn(C)c1.O=S(=O)([O-])C(F)(F)F,65,366,0.5670169034157331
C=Cc1ccccc1,CCCCCC[n+]1ccn(C)c1.O=S(=O)([O-])C(F)(F)F,333.15,1.807,CCCCCC[n+]1ccn(C)c1.O=S(=O)([O-])C(F)(F)F,65,367,0.5916680116100914
C=Cc1ccccc1,CCCCCC[n+]1ccn(C)c1.O=S(=O)([O-])C(F)(F)F,343.15,1.839,CCCCCC[n+]1ccn(C)c1.O=S(=O)([O-])C(F)(F)F,65,368,0.609221945622184
C=Cc1ccccc1,CCCCCC[n+]1ccn(C)c1.O=S(=O)([O-])C(F)(F)F,353.15,1.849,CCCCCC[n+]1ccn(C)c1.O=S(=O)([O-])C(F)(F)F,65,369,0.6146449524049877
C=Cc1ccccc1,CCCCCC[n+]1ccn(C)c1.O=S(=O)([O-])C(F)(F)F,363.15,1.883,CCCCCC[n+]1ccn(C)c1.O=S(=O)([O-])C(F)(F)F,65,370,0.6328662496750154
C=Cc1ccccc1,Cn1cc[n+](CCO)c1.F[B-](F)(F)F,303.15,15.3,Cn1cc[n+](CCO)c1.F[B-](F)(F)F,66,371,2.72785282839839
C=Cc1ccccc1,Cn1cc[n+](CCO)c1.F[B-](F)(F)F,313.15,15.1,Cn1cc[n+](CCO)c1.F[B-](F)(F)F,66,372,2.714694743820879
C=Cc1ccccc1,Cn1cc[n+](CCO)c1.F[B-](F)(F)F,323.15,14.8,Cn1cc[n+](CCO)c1.F[B-](F)(F)F,66,373,2.6946271807700692
C=Cc1ccccc1,Cn1cc[n+](CCO)c1.F[B-](F)(F)F,333.15,14.6,Cn1cc[n+](CCO)c1.F[B-](F)(F)F,66,374,2.681021528714291
C=Cc1ccccc1,Cn1cc[n+](CCO)c1.F[B-](F)(F)F,343.15,14.4,Cn1cc[n+](CCO)c1.F[B-](F)(F)F,66,375,2.667228206581955
C=Cc1ccccc1,Cn1cc[n+](CCO)c1.F[B-](F)(F)F,353.15,14.2,Cn1cc[n+](CCO)c1.F[B-](F)(F)F,66,376,2.653241964607215
C=Cc1ccccc1,Cn1cc[n+](CCO)c1.F[B-](F)(F)F,363.15,14.0,Cn1cc[n+](CCO)c1.F[B-](F)(F)F,66,377,2.6390573296152584
C=Cc1ccccc1,CCCC[n+]1ccn(C)c1.N#C[N-]C#N,318.15,2.15,CCCC[n+]1ccn(C)c1.N#C[N-]C#N,67,378,0.7654678421395714
C=Cc1ccccc1,CCCC[n+]1ccn(C)c1.N#C[N-]C#N,328.15,2.28,CCCC[n+]1ccn(C)c1.N#C[N-]C#N,67,379,0.8241754429663494
C=Cc1ccccc1,CCCC[n+]1ccn(C)c1.N#C[N-]C#N,338.15,2.41,CCCC[n+]1ccn(C)c1.N#C[N-]C#N,67,380,0.8796267475025636
C=Cc1ccccc1,CCCC[n+]1ccn(C)c1.N#C[N-]C#N,348.15,2.53,CCCC[n+]1ccn(C)c1.N#C[N-]C#N,67,381,0.9282193027394288
C=Cc1ccccc1,CCCC[n+]1ccn(C)c1.N#C[N-]C#N,358.15,2.65,CCCC[n+]1ccn(C)c1.N#C[N-]C#N,67,382,0.9745596399981308
C=Cc1ccccc1,CCCC[n+]1ccn(C)c1.N#C[N-]C#N,368.15,2.78,CCCC[n+]1ccn(C)c1.N#C[N-]C#N,67,383,1.0224509277025455
C=Cc1ccccc1,COCC[N+]1(C)CCOCC1.O=S(=O)([N-]S(=O)(=O)C(F)(F)F)C(F)(F)F,318.15,1.77,COCC[N+]1(C)CCOCC1.O=S(=O)([N-]S(=O)(=O)C(F)(F)F)C(F)(F)F,68,384,0.5709795465857378
C=Cc1ccccc1,COCC[N+]1(C)CCOCC1.O=S(=O)([N-]S(=O)(=O)C(F)(F)F)C(F)(F)F,328.15,1.77,COCC[N+]1(C)CCOCC1.O=S(=O)([N-]S(=O)(=O)C(F)(F)F)C(F)(F)F,68,385,0.5709795465857378
C=Cc1ccccc1,COCC[N+]1(C)CCOCC1.O=S(=O)([N-]S(=O)(=O)C(F)(F)F)C(F)(F)F,338.15,1.76,COCC[N+]1(C)CCOCC1.O=S(=O)([N-]S(=O)(=O)C(F)(F)F)C(F)(F)F,68,386,0.5653138090500605
C=Cc1ccccc1,COCC[N+]1(C)CCOCC1.O=S(=O)([N-]S(=O)(=O)C(F)(F)F)C(F)(F)F,348.15,1.76,COCC[N+]1(C)CCOCC1.O=S(=O)([N-]S(=O)(=O)C(F)(F)F)C(F)(F)F,68,387,0.5653138090500605
C=Cc1ccccc1,COCC[N+]1(C)CCOCC1.O=S(=O)([N-]S(=O)(=O)C(F)(F)F)C(F)(F)F,358.15,1.76,COCC[N+]1(C)CCOCC1.O=S(=O)([N-]S(=O)(=O)C(F)(F)F)C(F)(F)F,68,388,0.5653138090500605
C=Cc1ccccc1,COCC[N+]1(C)CCOCC1.O=S(=O)([N-]S(=O)(=O)C(F)(F)F)C(F)(F)F,368.15,1.76,COCC[N+]1(C)CCOCC1.O=S(=O)([N-]S(=O)(=O)C(F)(F)F)C(F)(F)F,68,389,0.5653138090500605
C=Cc1ccccc1,CCCCCC[n+]1ccn(C)c1.N#C[B-](C#N)(C#N)C#N,328.15,0.83,CCCCCC[n+]1ccn(C)c1.N#C[B-](C#N)(C#N)C#N,69,390,-0.18632957819149348
C=Cc1ccccc1,CCCCCC[n+]1ccn(C)c1.N#C[B-](C#N)(C#N)C#N,338.15,0.856,CCCCCC[n+]1ccn(C)c1.N#C[B-](C#N)(C#N)C#N,69,391,-0.15548490284039498
C=Cc1ccccc1,CCCCCC[n+]1ccn(C)c1.N#C[B-](C#N)(C#N)C#N,348.15,0.878,CCCCCC[n+]1ccn(C)c1.N#C[B-](C#N)(C#N)C#N,69,392,-0.1301086853470204
C=Cc1ccccc1,CCCCCC[n+]1ccn(C)c1.N#C[B-](C#N)(C#N)C#N,358.15,0.902,CCCCCC[n+]1ccn(C)c1.N#C[B-](C#N)(C#N)C#N,69,393,-0.10314075891951337
C=Cc1ccccc1,CCCCCC[n+]1ccn(C)c1.N#C[B-](C#N)(C#N)C#N,368.15,0.926,CCCCCC[n+]1ccn(C)c1.N#C[B-](C#N)(C#N)C#N,69,394,-0.07688104433595762
